trade_date,daily_net_pnl,strategy,equity,return,peak_equity,drawdown
2021-07-01,0.0,final_narrow_rb10_hedge2d,10000000.0,0.0,10000000.0,0.0
2021-07-02,0.0,final_narrow_rb10_hedge2d,10000000.0,0.0,10000000.0,0.0
2021-07-05,0.0,final_narrow_rb10_hedge2d,10000000.0,0.0,10000000.0,0.0
2021-07-06,0.0,final_narrow_rb10_hedge2d,10000000.0,0.0,10000000.0,0.0
2021-07-07,0.0,final_narrow_rb10_hedge2d,10000000.0,0.0,10000000.0,0.0
2021-07-08,0.0,final_narrow_rb10_hedge2d,10000000.0,0.0,10000000.0,0.0
2021-07-09,0.0,final_narrow_rb10_hedge2d,10000000.0,0.0,10000000.0,0.0
2021-07-12,0.0,final_narrow_rb10_hedge2d,10000000.0,0.0,10000000.0,0.0
2021-07-13,0.0,final_narrow_rb10_hedge2d,10000000.0,0.0,10000000.0,0.0
2021-07-14,0.0,final_narrow_rb10_hedge2d,10000000.0,0.0,10000000.0,0.0
2021-07-15,0.0,final_narrow_rb10_hedge2d,10000000.0,0.0,10000000.0,0.0
2021-07-16,0.0,final_narrow_rb10_hedge2d,10000000.0,0.0,10000000.0,0.0
2021-07-19,0.0,final_narrow_rb10_hedge2d,10000000.0,0.0,10000000.0,0.0
2021-07-20,0.0,final_narrow_rb10_hedge2d,10000000.0,0.0,10000000.0,0.0
2021-07-21,0.0,final_narrow_rb10_hedge2d,10000000.0,0.0,10000000.0,0.0
2021-07-22,0.0,final_narrow_rb10_hedge2d,10000000.0,0.0,10000000.0,0.0
2021-07-23,0.0,final_narrow_rb10_hedge2d,10000000.0,0.0,10000000.0,0.0
2021-07-26,0.0,final_narrow_rb10_hedge2d,10000000.0,0.0,10000000.0,0.0
2021-07-27,0.0,final_narrow_rb10_hedge2d,10000000.0,0.0,10000000.0,0.0
2021-07-28,0.0,final_narrow_rb10_hedge2d,10000000.0,0.0,10000000.0,0.0
2021-07-29,0.0,final_narrow_rb10_hedge2d,10000000.0,0.0,10000000.0,0.0
2021-07-30,0.0,final_narrow_rb10_hedge2d,10000000.0,0.0,10000000.0,0.0
2021-08-02,0.0,final_narrow_rb10_hedge2d,10000000.0,0.0,10000000.0,0.0
2021-08-03,0.0,final_narrow_rb10_hedge2d,10000000.0,0.0,10000000.0,0.0
2021-08-04,0.0,final_narrow_rb10_hedge2d,10000000.0,0.0,10000000.0,0.0
2021-08-05,0.0,final_narrow_rb10_hedge2d,10000000.0,0.0,10000000.0,0.0
2021-08-06,0.0,final_narrow_rb10_hedge2d,10000000.0,0.0,10000000.0,0.0
2021-08-09,0.0,final_narrow_rb10_hedge2d,10000000.0,0.0,10000000.0,0.0
2021-08-10,0.0,final_narrow_rb10_hedge2d,10000000.0,0.0,10000000.0,0.0
2021-08-11,0.0,final_narrow_rb10_hedge2d,10000000.0,0.0,10000000.0,0.0
2021-08-12,0.0,final_narrow_rb10_hedge2d,10000000.0,0.0,10000000.0,0.0
2021-08-13,0.0,final_narrow_rb10_hedge2d,10000000.0,0.0,10000000.0,0.0
2021-08-16,0.0,final_narrow_rb10_hedge2d,10000000.0,0.0,10000000.0,0.0
2021-08-17,0.0,final_narrow_rb10_hedge2d,10000000.0,0.0,10000000.0,0.0
2021-08-18,0.0,final_narrow_rb10_hedge2d,10000000.0,0.0,10000000.0,0.0
2021-08-19,0.0,final_narrow_rb10_hedge2d,10000000.0,0.0,10000000.0,0.0
2021-08-20,0.0,final_narrow_rb10_hedge2d,10000000.0,0.0,10000000.0,0.0
2021-08-23,0.0,final_narrow_rb10_hedge2d,10000000.0,0.0,10000000.0,0.0
2021-08-24,0.0,final_narrow_rb10_hedge2d,10000000.0,0.0,10000000.0,0.0
2021-08-25,0.0,final_narrow_rb10_hedge2d,10000000.0,0.0,10000000.0,0.0
2021-08-26,0.0,final_narrow_rb10_hedge2d,10000000.0,0.0,10000000.0,0.0
2021-08-27,0.0,final_narrow_rb10_hedge2d,10000000.0,0.0,10000000.0,0.0
2021-08-30,0.0,final_narrow_rb10_hedge2d,10000000.0,0.0,10000000.0,0.0
2021-08-31,0.0,final_narrow_rb10_hedge2d,10000000.0,0.0,10000000.0,0.0
2021-09-01,0.0,final_narrow_rb10_hedge2d,10000000.0,0.0,10000000.0,0.0
2021-09-02,0.0,final_narrow_rb10_hedge2d,10000000.0,0.0,10000000.0,0.0
2021-09-03,0.0,final_narrow_rb10_hedge2d,10000000.0,0.0,10000000.0,0.0
2021-09-06,0.0,final_narrow_rb10_hedge2d,10000000.0,0.0,10000000.0,0.0
2021-09-07,0.0,final_narrow_rb10_hedge2d,10000000.0,0.0,10000000.0,0.0
2021-09-08,0.0,final_narrow_rb10_hedge2d,10000000.0,0.0,10000000.0,0.0
2021-09-09,0.0,final_narrow_rb10_hedge2d,10000000.0,0.0,10000000.0,0.0
2021-09-10,0.0,final_narrow_rb10_hedge2d,10000000.0,0.0,10000000.0,0.0
2021-09-13,0.0,final_narrow_rb10_hedge2d,10000000.0,0.0,10000000.0,0.0
2021-09-14,0.0,final_narrow_rb10_hedge2d,10000000.0,0.0,10000000.0,0.0
2021-09-15,0.0,final_narrow_rb10_hedge2d,10000000.0,0.0,10000000.0,0.0
2021-09-16,0.0,final_narrow_rb10_hedge2d,10000000.0,0.0,10000000.0,0.0
2021-09-17,0.0,final_narrow_rb10_hedge2d,10000000.0,0.0,10000000.0,0.0
2021-09-22,0.0,final_narrow_rb10_hedge2d,10000000.0,0.0,10000000.0,0.0
2021-09-23,0.0,final_narrow_rb10_hedge2d,10000000.0,0.0,10000000.0,0.0
2021-09-24,0.0,final_narrow_rb10_hedge2d,10000000.0,0.0,10000000.0,0.0
2021-09-27,0.0,final_narrow_rb10_hedge2d,10000000.0,0.0,10000000.0,0.0
2021-09-28,0.0,final_narrow_rb10_hedge2d,10000000.0,0.0,10000000.0,0.0
2021-09-29,0.0,final_narrow_rb10_hedge2d,10000000.0,0.0,10000000.0,0.0
2021-09-30,0.0,final_narrow_rb10_hedge2d,10000000.0,0.0,10000000.0,0.0
2021-10-08,0.0,final_narrow_rb10_hedge2d,10000000.0,0.0,10000000.0,0.0
2021-10-11,0.0,final_narrow_rb10_hedge2d,10000000.0,0.0,10000000.0,0.0
2021-10-12,0.0,final_narrow_rb10_hedge2d,10000000.0,0.0,10000000.0,0.0
2021-10-13,0.0,final_narrow_rb10_hedge2d,10000000.0,0.0,10000000.0,0.0
2021-10-14,0.0,final_narrow_rb10_hedge2d,10000000.0,0.0,10000000.0,0.0
2021-10-15,0.0,final_narrow_rb10_hedge2d,10000000.0,0.0,10000000.0,0.0
2021-10-18,0.0,final_narrow_rb10_hedge2d,10000000.0,0.0,10000000.0,0.0
2021-10-19,0.0,final_narrow_rb10_hedge2d,10000000.0,0.0,10000000.0,0.0
2021-10-20,0.0,final_narrow_rb10_hedge2d,10000000.0,0.0,10000000.0,0.0
2021-10-21,0.0,final_narrow_rb10_hedge2d,10000000.0,0.0,10000000.0,0.0
2021-10-22,0.0,final_narrow_rb10_hedge2d,10000000.0,0.0,10000000.0,0.0
2021-10-25,0.0,final_narrow_rb10_hedge2d,10000000.0,0.0,10000000.0,0.0
2021-10-26,0.0,final_narrow_rb10_hedge2d,10000000.0,0.0,10000000.0,0.0
2021-10-27,0.0,final_narrow_rb10_hedge2d,10000000.0,0.0,10000000.0,0.0
2021-10-28,0.0,final_narrow_rb10_hedge2d,10000000.0,0.0,10000000.0,0.0
2021-10-29,0.0,final_narrow_rb10_hedge2d,10000000.0,0.0,10000000.0,0.0
2021-11-01,0.0,final_narrow_rb10_hedge2d,10000000.0,0.0,10000000.0,0.0
2021-11-02,0.0,final_narrow_rb10_hedge2d,10000000.0,0.0,10000000.0,0.0
2021-11-03,0.0,final_narrow_rb10_hedge2d,10000000.0,0.0,10000000.0,0.0
2021-11-04,0.0,final_narrow_rb10_hedge2d,10000000.0,0.0,10000000.0,0.0
2021-11-05,0.0,final_narrow_rb10_hedge2d,10000000.0,0.0,10000000.0,0.0
2021-11-08,0.0,final_narrow_rb10_hedge2d,10000000.0,0.0,10000000.0,0.0
2021-11-09,0.0,final_narrow_rb10_hedge2d,10000000.0,0.0,10000000.0,0.0
2021-11-10,0.0,final_narrow_rb10_hedge2d,10000000.0,0.0,10000000.0,0.0
2021-11-11,0.0,final_narrow_rb10_hedge2d,10000000.0,0.0,10000000.0,0.0
2021-11-12,0.0,final_narrow_rb10_hedge2d,10000000.0,0.0,10000000.0,0.0
2021-11-15,0.0,final_narrow_rb10_hedge2d,10000000.0,0.0,10000000.0,0.0
2021-11-16,0.0,final_narrow_rb10_hedge2d,10000000.0,0.0,10000000.0,0.0
2021-11-17,0.0,final_narrow_rb10_hedge2d,10000000.0,0.0,10000000.0,0.0
2021-11-18,0.0,final_narrow_rb10_hedge2d,10000000.0,0.0,10000000.0,0.0
2021-11-19,0.0,final_narrow_rb10_hedge2d,10000000.0,0.0,10000000.0,0.0
2021-11-22,0.0,final_narrow_rb10_hedge2d,10000000.0,0.0,10000000.0,0.0
2021-11-23,0.0,final_narrow_rb10_hedge2d,10000000.0,0.0,10000000.0,0.0
2021-11-24,0.0,final_narrow_rb10_hedge2d,10000000.0,0.0,10000000.0,0.0
2021-11-25,0.0,final_narrow_rb10_hedge2d,10000000.0,0.0,10000000.0,0.0
2021-11-26,0.0,final_narrow_rb10_hedge2d,10000000.0,0.0,10000000.0,0.0
2021-11-29,0.0,final_narrow_rb10_hedge2d,10000000.0,0.0,10000000.0,0.0
2021-11-30,0.0,final_narrow_rb10_hedge2d,10000000.0,0.0,10000000.0,0.0
2021-12-01,0.0,final_narrow_rb10_hedge2d,10000000.0,0.0,10000000.0,0.0
2021-12-02,0.0,final_narrow_rb10_hedge2d,10000000.0,0.0,10000000.0,0.0
2021-12-03,0.0,final_narrow_rb10_hedge2d,10000000.0,0.0,10000000.0,0.0
2021-12-06,0.0,final_narrow_rb10_hedge2d,10000000.0,0.0,10000000.0,0.0
2021-12-07,0.0,final_narrow_rb10_hedge2d,10000000.0,0.0,10000000.0,0.0
2021-12-08,0.0,final_narrow_rb10_hedge2d,10000000.0,0.0,10000000.0,0.0
2021-12-09,0.0,final_narrow_rb10_hedge2d,10000000.0,0.0,10000000.0,0.0
2021-12-10,0.0,final_narrow_rb10_hedge2d,10000000.0,0.0,10000000.0,0.0
2021-12-13,0.0,final_narrow_rb10_hedge2d,10000000.0,0.0,10000000.0,0.0
2021-12-14,0.0,final_narrow_rb10_hedge2d,10000000.0,0.0,10000000.0,0.0
2021-12-15,0.0,final_narrow_rb10_hedge2d,10000000.0,0.0,10000000.0,0.0
2021-12-16,0.0,final_narrow_rb10_hedge2d,10000000.0,0.0,10000000.0,0.0
2021-12-17,0.0,final_narrow_rb10_hedge2d,10000000.0,0.0,10000000.0,0.0
2021-12-20,0.0,final_narrow_rb10_hedge2d,10000000.0,0.0,10000000.0,0.0
2021-12-21,0.0,final_narrow_rb10_hedge2d,10000000.0,0.0,10000000.0,0.0
2021-12-22,0.0,final_narrow_rb10_hedge2d,10000000.0,0.0,10000000.0,0.0
2021-12-23,0.0,final_narrow_rb10_hedge2d,10000000.0,0.0,10000000.0,0.0
2021-12-24,0.0,final_narrow_rb10_hedge2d,10000000.0,0.0,10000000.0,0.0
2021-12-27,0.0,final_narrow_rb10_hedge2d,10000000.0,0.0,10000000.0,0.0
2021-12-28,0.0,final_narrow_rb10_hedge2d,10000000.0,0.0,10000000.0,0.0
2021-12-29,0.0,final_narrow_rb10_hedge2d,10000000.0,0.0,10000000.0,0.0
2021-12-30,0.0,final_narrow_rb10_hedge2d,10000000.0,0.0,10000000.0,0.0
2021-12-31,0.0,final_narrow_rb10_hedge2d,10000000.0,0.0,10000000.0,0.0
2022-01-04,0.0,final_narrow_rb10_hedge2d,10000000.0,0.0,10000000.0,0.0
2022-01-05,0.0,final_narrow_rb10_hedge2d,10000000.0,0.0,10000000.0,0.0
2022-01-06,0.0,final_narrow_rb10_hedge2d,10000000.0,0.0,10000000.0,0.0
2022-01-07,0.0,final_narrow_rb10_hedge2d,10000000.0,0.0,10000000.0,0.0
2022-01-10,0.0,final_narrow_rb10_hedge2d,10000000.0,0.0,10000000.0,0.0
2022-01-11,0.0,final_narrow_rb10_hedge2d,10000000.0,0.0,10000000.0,0.0
2022-01-12,0.0,final_narrow_rb10_hedge2d,10000000.0,0.0,10000000.0,0.0
2022-01-13,0.0,final_narrow_rb10_hedge2d,10000000.0,0.0,10000000.0,0.0
2022-01-14,0.0,final_narrow_rb10_hedge2d,10000000.0,0.0,10000000.0,0.0
2022-01-17,0.0,final_narrow_rb10_hedge2d,10000000.0,0.0,10000000.0,0.0
2022-01-18,0.0,final_narrow_rb10_hedge2d,10000000.0,0.0,10000000.0,0.0
2022-01-19,0.0,final_narrow_rb10_hedge2d,10000000.0,0.0,10000000.0,0.0
2022-01-20,0.0,final_narrow_rb10_hedge2d,10000000.0,0.0,10000000.0,0.0
2022-01-21,0.0,final_narrow_rb10_hedge2d,10000000.0,0.0,10000000.0,0.0
2022-01-24,0.0,final_narrow_rb10_hedge2d,10000000.0,0.0,10000000.0,0.0
2022-01-25,0.0,final_narrow_rb10_hedge2d,10000000.0,0.0,10000000.0,0.0
2022-01-26,0.0,final_narrow_rb10_hedge2d,10000000.0,0.0,10000000.0,0.0
2022-01-27,0.0,final_narrow_rb10_hedge2d,10000000.0,0.0,10000000.0,0.0
2022-01-28,0.0,final_narrow_rb10_hedge2d,10000000.0,0.0,10000000.0,0.0
2022-02-07,0.0,final_narrow_rb10_hedge2d,10000000.0,0.0,10000000.0,0.0
2022-02-08,0.0,final_narrow_rb10_hedge2d,10000000.0,0.0,10000000.0,0.0
2022-02-09,0.0,final_narrow_rb10_hedge2d,10000000.0,0.0,10000000.0,0.0
2022-02-10,0.0,final_narrow_rb10_hedge2d,10000000.0,0.0,10000000.0,0.0
2022-02-11,0.0,final_narrow_rb10_hedge2d,10000000.0,0.0,10000000.0,0.0
2022-02-14,0.0,final_narrow_rb10_hedge2d,10000000.0,0.0,10000000.0,0.0
2022-02-15,0.0,final_narrow_rb10_hedge2d,10000000.0,0.0,10000000.0,0.0
2022-02-16,0.0,final_narrow_rb10_hedge2d,10000000.0,0.0,10000000.0,0.0
2022-02-17,0.0,final_narrow_rb10_hedge2d,10000000.0,0.0,10000000.0,0.0
2022-02-18,0.0,final_narrow_rb10_hedge2d,10000000.0,0.0,10000000.0,0.0
2022-02-21,0.0,final_narrow_rb10_hedge2d,10000000.0,0.0,10000000.0,0.0
2022-02-22,0.0,final_narrow_rb10_hedge2d,10000000.0,0.0,10000000.0,0.0
2022-02-23,0.0,final_narrow_rb10_hedge2d,10000000.0,0.0,10000000.0,0.0
2022-02-24,0.0,final_narrow_rb10_hedge2d,10000000.0,0.0,10000000.0,0.0
2022-02-25,0.0,final_narrow_rb10_hedge2d,10000000.0,0.0,10000000.0,0.0
2022-02-28,0.0,final_narrow_rb10_hedge2d,10000000.0,0.0,10000000.0,0.0
2022-03-01,0.0,final_narrow_rb10_hedge2d,10000000.0,0.0,10000000.0,0.0
2022-03-02,0.0,final_narrow_rb10_hedge2d,10000000.0,0.0,10000000.0,0.0
2022-03-03,0.0,final_narrow_rb10_hedge2d,10000000.0,0.0,10000000.0,0.0
2022-03-04,0.0,final_narrow_rb10_hedge2d,10000000.0,0.0,10000000.0,0.0
2022-03-07,0.0,final_narrow_rb10_hedge2d,10000000.0,0.0,10000000.0,0.0
2022-03-08,0.0,final_narrow_rb10_hedge2d,10000000.0,0.0,10000000.0,0.0
2022-03-09,0.0,final_narrow_rb10_hedge2d,10000000.0,0.0,10000000.0,0.0
2022-03-10,0.0,final_narrow_rb10_hedge2d,10000000.0,0.0,10000000.0,0.0
2022-03-11,0.0,final_narrow_rb10_hedge2d,10000000.0,0.0,10000000.0,0.0
2022-03-14,0.0,final_narrow_rb10_hedge2d,10000000.0,0.0,10000000.0,0.0
2022-03-15,0.0,final_narrow_rb10_hedge2d,10000000.0,0.0,10000000.0,0.0
2022-03-16,0.0,final_narrow_rb10_hedge2d,10000000.0,0.0,10000000.0,0.0
2022-03-17,0.0,final_narrow_rb10_hedge2d,10000000.0,0.0,10000000.0,0.0
2022-03-18,0.0,final_narrow_rb10_hedge2d,10000000.0,0.0,10000000.0,0.0
2022-03-21,0.0,final_narrow_rb10_hedge2d,10000000.0,0.0,10000000.0,0.0
2022-03-22,0.0,final_narrow_rb10_hedge2d,10000000.0,0.0,10000000.0,0.0
2022-03-23,0.0,final_narrow_rb10_hedge2d,10000000.0,0.0,10000000.0,0.0
2022-03-24,0.0,final_narrow_rb10_hedge2d,10000000.0,0.0,10000000.0,0.0
2022-03-25,0.0,final_narrow_rb10_hedge2d,10000000.0,0.0,10000000.0,0.0
2022-03-28,0.0,final_narrow_rb10_hedge2d,10000000.0,0.0,10000000.0,0.0
2022-03-29,0.0,final_narrow_rb10_hedge2d,10000000.0,0.0,10000000.0,0.0
2022-03-30,0.0,final_narrow_rb10_hedge2d,10000000.0,0.0,10000000.0,0.0
2022-03-31,0.0,final_narrow_rb10_hedge2d,10000000.0,0.0,10000000.0,0.0
2022-04-01,0.0,final_narrow_rb10_hedge2d,10000000.0,0.0,10000000.0,0.0
2022-04-06,0.0,final_narrow_rb10_hedge2d,10000000.0,0.0,10000000.0,0.0
2022-04-07,0.0,final_narrow_rb10_hedge2d,10000000.0,0.0,10000000.0,0.0
2022-04-08,0.0,final_narrow_rb10_hedge2d,10000000.0,0.0,10000000.0,0.0
2022-04-11,0.0,final_narrow_rb10_hedge2d,10000000.0,0.0,10000000.0,0.0
2022-04-12,0.0,final_narrow_rb10_hedge2d,10000000.0,0.0,10000000.0,0.0
2022-04-13,0.0,final_narrow_rb10_hedge2d,10000000.0,0.0,10000000.0,0.0
2022-04-14,0.0,final_narrow_rb10_hedge2d,10000000.0,0.0,10000000.0,0.0
2022-04-15,0.0,final_narrow_rb10_hedge2d,10000000.0,0.0,10000000.0,0.0
2022-04-18,0.0,final_narrow_rb10_hedge2d,10000000.0,0.0,10000000.0,0.0
2022-04-19,0.0,final_narrow_rb10_hedge2d,10000000.0,0.0,10000000.0,0.0
2022-04-20,0.0,final_narrow_rb10_hedge2d,10000000.0,0.0,10000000.0,0.0
2022-04-21,0.0,final_narrow_rb10_hedge2d,10000000.0,0.0,10000000.0,0.0
2022-04-22,0.0,final_narrow_rb10_hedge2d,10000000.0,0.0,10000000.0,0.0
2022-04-25,0.0,final_narrow_rb10_hedge2d,10000000.0,0.0,10000000.0,0.0
2022-04-26,0.0,final_narrow_rb10_hedge2d,10000000.0,0.0,10000000.0,0.0
2022-04-27,0.0,final_narrow_rb10_hedge2d,10000000.0,0.0,10000000.0,0.0
2022-04-28,0.0,final_narrow_rb10_hedge2d,10000000.0,0.0,10000000.0,0.0
2022-04-29,0.0,final_narrow_rb10_hedge2d,10000000.0,0.0,10000000.0,0.0
2022-05-05,0.0,final_narrow_rb10_hedge2d,10000000.0,0.0,10000000.0,0.0
2022-05-06,0.0,final_narrow_rb10_hedge2d,10000000.0,0.0,10000000.0,0.0
2022-05-09,0.0,final_narrow_rb10_hedge2d,10000000.0,0.0,10000000.0,0.0
2022-05-10,0.0,final_narrow_rb10_hedge2d,10000000.0,0.0,10000000.0,0.0
2022-05-11,0.0,final_narrow_rb10_hedge2d,10000000.0,0.0,10000000.0,0.0
2022-05-12,0.0,final_narrow_rb10_hedge2d,10000000.0,0.0,10000000.0,0.0
2022-05-13,0.0,final_narrow_rb10_hedge2d,10000000.0,0.0,10000000.0,0.0
2022-05-16,0.0,final_narrow_rb10_hedge2d,10000000.0,0.0,10000000.0,0.0
2022-05-17,0.0,final_narrow_rb10_hedge2d,10000000.0,0.0,10000000.0,0.0
2022-05-18,0.0,final_narrow_rb10_hedge2d,10000000.0,0.0,10000000.0,0.0
2022-05-19,0.0,final_narrow_rb10_hedge2d,10000000.0,0.0,10000000.0,0.0
2022-05-20,0.0,final_narrow_rb10_hedge2d,10000000.0,0.0,10000000.0,0.0
2022-05-23,0.0,final_narrow_rb10_hedge2d,10000000.0,0.0,10000000.0,0.0
2022-05-24,0.0,final_narrow_rb10_hedge2d,10000000.0,0.0,10000000.0,0.0
2022-05-25,0.0,final_narrow_rb10_hedge2d,10000000.0,0.0,10000000.0,0.0
2022-05-26,0.0,final_narrow_rb10_hedge2d,10000000.0,0.0,10000000.0,0.0
2022-05-27,0.0,final_narrow_rb10_hedge2d,10000000.0,0.0,10000000.0,0.0
2022-05-30,0.0,final_narrow_rb10_hedge2d,10000000.0,0.0,10000000.0,0.0
2022-05-31,0.0,final_narrow_rb10_hedge2d,10000000.0,0.0,10000000.0,0.0
2022-06-01,0.0,final_narrow_rb10_hedge2d,10000000.0,0.0,10000000.0,0.0
2022-06-02,0.0,final_narrow_rb10_hedge2d,10000000.0,0.0,10000000.0,0.0
2022-06-06,0.0,final_narrow_rb10_hedge2d,10000000.0,0.0,10000000.0,0.0
2022-06-07,0.0,final_narrow_rb10_hedge2d,10000000.0,0.0,10000000.0,0.0
2022-06-08,0.0,final_narrow_rb10_hedge2d,10000000.0,0.0,10000000.0,0.0
2022-06-09,0.0,final_narrow_rb10_hedge2d,10000000.0,0.0,10000000.0,0.0
2022-06-10,0.0,final_narrow_rb10_hedge2d,10000000.0,0.0,10000000.0,0.0
2022-06-13,0.0,final_narrow_rb10_hedge2d,10000000.0,0.0,10000000.0,0.0
2022-06-14,0.0,final_narrow_rb10_hedge2d,10000000.0,0.0,10000000.0,0.0
2022-06-15,0.0,final_narrow_rb10_hedge2d,10000000.0,0.0,10000000.0,0.0
2022-06-16,0.0,final_narrow_rb10_hedge2d,10000000.0,0.0,10000000.0,0.0
2022-06-17,0.0,final_narrow_rb10_hedge2d,10000000.0,0.0,10000000.0,0.0
2022-06-20,0.0,final_narrow_rb10_hedge2d,10000000.0,0.0,10000000.0,0.0
2022-06-21,0.0,final_narrow_rb10_hedge2d,10000000.0,0.0,10000000.0,0.0
2022-06-22,0.0,final_narrow_rb10_hedge2d,10000000.0,0.0,10000000.0,0.0
2022-06-23,0.0,final_narrow_rb10_hedge2d,10000000.0,0.0,10000000.0,0.0
2022-06-24,0.0,final_narrow_rb10_hedge2d,10000000.0,0.0,10000000.0,0.0
2022-06-27,0.0,final_narrow_rb10_hedge2d,10000000.0,0.0,10000000.0,0.0
2022-06-28,0.0,final_narrow_rb10_hedge2d,10000000.0,0.0,10000000.0,0.0
2022-06-29,0.0,final_narrow_rb10_hedge2d,10000000.0,0.0,10000000.0,0.0
2022-06-30,0.0,final_narrow_rb10_hedge2d,10000000.0,0.0,10000000.0,0.0
2022-07-01,0.0,final_narrow_rb10_hedge2d,10000000.0,0.0,10000000.0,0.0
2022-07-04,0.0,final_narrow_rb10_hedge2d,10000000.0,0.0,10000000.0,0.0
2022-07-05,0.0,final_narrow_rb10_hedge2d,10000000.0,0.0,10000000.0,0.0
2022-07-06,0.0,final_narrow_rb10_hedge2d,10000000.0,0.0,10000000.0,0.0
2022-07-07,0.0,final_narrow_rb10_hedge2d,10000000.0,0.0,10000000.0,0.0
2022-07-08,0.0,final_narrow_rb10_hedge2d,10000000.0,0.0,10000000.0,0.0
2022-07-11,0.0,final_narrow_rb10_hedge2d,10000000.0,0.0,10000000.0,0.0
2022-07-12,0.0,final_narrow_rb10_hedge2d,10000000.0,0.0,10000000.0,0.0
2022-07-13,0.0,final_narrow_rb10_hedge2d,10000000.0,0.0,10000000.0,0.0
2022-07-14,0.0,final_narrow_rb10_hedge2d,10000000.0,0.0,10000000.0,0.0
2022-07-15,0.0,final_narrow_rb10_hedge2d,10000000.0,0.0,10000000.0,0.0
2022-07-18,0.0,final_narrow_rb10_hedge2d,10000000.0,0.0,10000000.0,0.0
2022-07-19,0.0,final_narrow_rb10_hedge2d,10000000.0,0.0,10000000.0,0.0
2022-07-20,0.0,final_narrow_rb10_hedge2d,10000000.0,0.0,10000000.0,0.0
2022-07-21,0.0,final_narrow_rb10_hedge2d,10000000.0,0.0,10000000.0,0.0
2022-07-22,0.0,final_narrow_rb10_hedge2d,10000000.0,0.0,10000000.0,0.0
2022-07-25,0.0,final_narrow_rb10_hedge2d,10000000.0,0.0,10000000.0,0.0
2022-07-26,0.0,final_narrow_rb10_hedge2d,10000000.0,0.0,10000000.0,0.0
2022-07-27,0.0,final_narrow_rb10_hedge2d,10000000.0,0.0,10000000.0,0.0
2022-07-28,0.0,final_narrow_rb10_hedge2d,10000000.0,0.0,10000000.0,0.0
2022-07-29,0.0,final_narrow_rb10_hedge2d,10000000.0,0.0,10000000.0,0.0
2022-08-01,0.0,final_narrow_rb10_hedge2d,10000000.0,0.0,10000000.0,0.0
2022-08-02,0.0,final_narrow_rb10_hedge2d,10000000.0,0.0,10000000.0,0.0
2022-08-03,0.0,final_narrow_rb10_hedge2d,10000000.0,0.0,10000000.0,0.0
2022-08-04,0.0,final_narrow_rb10_hedge2d,10000000.0,0.0,10000000.0,0.0
2022-08-05,0.0,final_narrow_rb10_hedge2d,10000000.0,0.0,10000000.0,0.0
2022-08-08,0.0,final_narrow_rb10_hedge2d,10000000.0,0.0,10000000.0,0.0
2022-08-09,0.0,final_narrow_rb10_hedge2d,10000000.0,0.0,10000000.0,0.0
2022-08-10,0.0,final_narrow_rb10_hedge2d,10000000.0,0.0,10000000.0,0.0
2022-08-11,0.0,final_narrow_rb10_hedge2d,10000000.0,0.0,10000000.0,0.0
2022-08-12,0.0,final_narrow_rb10_hedge2d,10000000.0,0.0,10000000.0,0.0
2022-08-15,0.0,final_narrow_rb10_hedge2d,10000000.0,0.0,10000000.0,0.0
2022-08-16,0.0,final_narrow_rb10_hedge2d,10000000.0,0.0,10000000.0,0.0
2022-08-17,0.0,final_narrow_rb10_hedge2d,10000000.0,0.0,10000000.0,0.0
2022-08-18,0.0,final_narrow_rb10_hedge2d,10000000.0,0.0,10000000.0,0.0
2022-08-19,0.0,final_narrow_rb10_hedge2d,10000000.0,0.0,10000000.0,0.0
2022-08-22,0.0,final_narrow_rb10_hedge2d,10000000.0,0.0,10000000.0,0.0
2022-08-23,0.0,final_narrow_rb10_hedge2d,10000000.0,0.0,10000000.0,0.0
2022-08-24,0.0,final_narrow_rb10_hedge2d,10000000.0,0.0,10000000.0,0.0
2022-08-25,0.0,final_narrow_rb10_hedge2d,10000000.0,0.0,10000000.0,0.0
2022-08-26,0.0,final_narrow_rb10_hedge2d,10000000.0,0.0,10000000.0,0.0
2022-08-29,0.0,final_narrow_rb10_hedge2d,10000000.0,0.0,10000000.0,0.0
2022-08-30,0.0,final_narrow_rb10_hedge2d,10000000.0,0.0,10000000.0,0.0
2022-08-31,0.0,final_narrow_rb10_hedge2d,10000000.0,0.0,10000000.0,0.0
2022-09-01,0.0,final_narrow_rb10_hedge2d,10000000.0,0.0,10000000.0,0.0
2022-09-02,0.0,final_narrow_rb10_hedge2d,10000000.0,0.0,10000000.0,0.0
2022-09-05,0.0,final_narrow_rb10_hedge2d,10000000.0,0.0,10000000.0,0.0
2022-09-06,0.0,final_narrow_rb10_hedge2d,10000000.0,0.0,10000000.0,0.0
2022-09-07,0.0,final_narrow_rb10_hedge2d,10000000.0,0.0,10000000.0,0.0
2022-09-08,0.0,final_narrow_rb10_hedge2d,10000000.0,0.0,10000000.0,0.0
2022-09-09,0.0,final_narrow_rb10_hedge2d,10000000.0,0.0,10000000.0,0.0
2022-09-13,0.0,final_narrow_rb10_hedge2d,10000000.0,0.0,10000000.0,0.0
2022-09-14,0.0,final_narrow_rb10_hedge2d,10000000.0,0.0,10000000.0,0.0
2022-09-15,0.0,final_narrow_rb10_hedge2d,10000000.0,0.0,10000000.0,0.0
2022-09-16,0.0,final_narrow_rb10_hedge2d,10000000.0,0.0,10000000.0,0.0
2022-09-19,0.0,final_narrow_rb10_hedge2d,10000000.0,0.0,10000000.0,0.0
2022-09-20,0.0,final_narrow_rb10_hedge2d,10000000.0,0.0,10000000.0,0.0
2022-09-21,0.0,final_narrow_rb10_hedge2d,10000000.0,0.0,10000000.0,0.0
2022-09-22,0.0,final_narrow_rb10_hedge2d,10000000.0,0.0,10000000.0,0.0
2022-09-23,0.0,final_narrow_rb10_hedge2d,10000000.0,0.0,10000000.0,0.0
2022-09-26,0.0,final_narrow_rb10_hedge2d,10000000.0,0.0,10000000.0,0.0
2022-09-27,0.0,final_narrow_rb10_hedge2d,10000000.0,0.0,10000000.0,0.0
2022-09-28,0.0,final_narrow_rb10_hedge2d,10000000.0,0.0,10000000.0,0.0
2022-09-29,0.0,final_narrow_rb10_hedge2d,10000000.0,0.0,10000000.0,0.0
2022-09-30,0.0,final_narrow_rb10_hedge2d,10000000.0,0.0,10000000.0,0.0
2022-10-10,0.0,final_narrow_rb10_hedge2d,10000000.0,0.0,10000000.0,0.0
2022-10-11,0.0,final_narrow_rb10_hedge2d,10000000.0,0.0,10000000.0,0.0
2022-10-12,0.0,final_narrow_rb10_hedge2d,10000000.0,0.0,10000000.0,0.0
2022-10-13,0.0,final_narrow_rb10_hedge2d,10000000.0,0.0,10000000.0,0.0
2022-10-14,0.0,final_narrow_rb10_hedge2d,10000000.0,0.0,10000000.0,0.0
2022-10-17,0.0,final_narrow_rb10_hedge2d,10000000.0,0.0,10000000.0,0.0
2022-10-18,0.0,final_narrow_rb10_hedge2d,10000000.0,0.0,10000000.0,0.0
2022-10-19,0.0,final_narrow_rb10_hedge2d,10000000.0,0.0,10000000.0,0.0
2022-10-20,0.0,final_narrow_rb10_hedge2d,10000000.0,0.0,10000000.0,0.0
2022-10-21,0.0,final_narrow_rb10_hedge2d,10000000.0,0.0,10000000.0,0.0
2022-10-24,0.0,final_narrow_rb10_hedge2d,10000000.0,0.0,10000000.0,0.0
2022-10-25,0.0,final_narrow_rb10_hedge2d,10000000.0,0.0,10000000.0,0.0
2022-10-26,0.0,final_narrow_rb10_hedge2d,10000000.0,0.0,10000000.0,0.0
2022-10-27,0.0,final_narrow_rb10_hedge2d,10000000.0,0.0,10000000.0,0.0
2022-10-28,0.0,final_narrow_rb10_hedge2d,10000000.0,0.0,10000000.0,0.0
2022-10-31,0.0,final_narrow_rb10_hedge2d,10000000.0,0.0,10000000.0,0.0
2022-11-01,0.0,final_narrow_rb10_hedge2d,10000000.0,0.0,10000000.0,0.0
2022-11-02,0.0,final_narrow_rb10_hedge2d,10000000.0,0.0,10000000.0,0.0
2022-11-03,0.0,final_narrow_rb10_hedge2d,10000000.0,0.0,10000000.0,0.0
2022-11-04,0.0,final_narrow_rb10_hedge2d,10000000.0,0.0,10000000.0,0.0
2022-11-07,0.0,final_narrow_rb10_hedge2d,10000000.0,0.0,10000000.0,0.0
2022-11-08,0.0,final_narrow_rb10_hedge2d,10000000.0,0.0,10000000.0,0.0
2022-11-09,0.0,final_narrow_rb10_hedge2d,10000000.0,0.0,10000000.0,0.0
2022-11-10,0.0,final_narrow_rb10_hedge2d,10000000.0,0.0,10000000.0,0.0
2022-11-11,0.0,final_narrow_rb10_hedge2d,10000000.0,0.0,10000000.0,0.0
2022-11-14,0.0,final_narrow_rb10_hedge2d,10000000.0,0.0,10000000.0,0.0
2022-11-15,0.0,final_narrow_rb10_hedge2d,10000000.0,0.0,10000000.0,0.0
2022-11-16,0.0,final_narrow_rb10_hedge2d,10000000.0,0.0,10000000.0,0.0
2022-11-17,0.0,final_narrow_rb10_hedge2d,10000000.0,0.0,10000000.0,0.0
2022-11-18,0.0,final_narrow_rb10_hedge2d,10000000.0,0.0,10000000.0,0.0
2022-11-21,0.0,final_narrow_rb10_hedge2d,10000000.0,0.0,10000000.0,0.0
2022-11-22,0.0,final_narrow_rb10_hedge2d,10000000.0,0.0,10000000.0,0.0
2022-11-23,0.0,final_narrow_rb10_hedge2d,10000000.0,0.0,10000000.0,0.0
2022-11-24,0.0,final_narrow_rb10_hedge2d,10000000.0,0.0,10000000.0,0.0
2022-11-25,0.0,final_narrow_rb10_hedge2d,10000000.0,0.0,10000000.0,0.0
2022-11-28,0.0,final_narrow_rb10_hedge2d,10000000.0,0.0,10000000.0,0.0
2022-11-29,0.0,final_narrow_rb10_hedge2d,10000000.0,0.0,10000000.0,0.0
2022-11-30,0.0,final_narrow_rb10_hedge2d,10000000.0,0.0,10000000.0,0.0
2022-12-01,0.0,final_narrow_rb10_hedge2d,10000000.0,0.0,10000000.0,0.0
2022-12-02,0.0,final_narrow_rb10_hedge2d,10000000.0,0.0,10000000.0,0.0
2022-12-05,0.0,final_narrow_rb10_hedge2d,10000000.0,0.0,10000000.0,0.0
2022-12-06,0.0,final_narrow_rb10_hedge2d,10000000.0,0.0,10000000.0,0.0
2022-12-07,0.0,final_narrow_rb10_hedge2d,10000000.0,0.0,10000000.0,0.0
2022-12-08,0.0,final_narrow_rb10_hedge2d,10000000.0,0.0,10000000.0,0.0
2022-12-09,0.0,final_narrow_rb10_hedge2d,10000000.0,0.0,10000000.0,0.0
2022-12-12,0.0,final_narrow_rb10_hedge2d,10000000.0,0.0,10000000.0,0.0
2022-12-13,0.0,final_narrow_rb10_hedge2d,10000000.0,0.0,10000000.0,0.0
2022-12-14,0.0,final_narrow_rb10_hedge2d,10000000.0,0.0,10000000.0,0.0
2022-12-15,0.0,final_narrow_rb10_hedge2d,10000000.0,0.0,10000000.0,0.0
2022-12-16,0.0,final_narrow_rb10_hedge2d,10000000.0,0.0,10000000.0,0.0
2022-12-19,0.0,final_narrow_rb10_hedge2d,10000000.0,0.0,10000000.0,0.0
2022-12-20,0.0,final_narrow_rb10_hedge2d,10000000.0,0.0,10000000.0,0.0
2022-12-21,0.0,final_narrow_rb10_hedge2d,10000000.0,0.0,10000000.0,0.0
2022-12-22,0.0,final_narrow_rb10_hedge2d,10000000.0,0.0,10000000.0,0.0
2022-12-23,0.0,final_narrow_rb10_hedge2d,10000000.0,0.0,10000000.0,0.0
2022-12-26,0.0,final_narrow_rb10_hedge2d,10000000.0,0.0,10000000.0,0.0
2022-12-27,0.0,final_narrow_rb10_hedge2d,10000000.0,0.0,10000000.0,0.0
2022-12-28,0.0,final_narrow_rb10_hedge2d,10000000.0,0.0,10000000.0,0.0
2022-12-29,0.0,final_narrow_rb10_hedge2d,10000000.0,0.0,10000000.0,0.0
2022-12-30,0.0,final_narrow_rb10_hedge2d,10000000.0,0.0,10000000.0,0.0
2023-01-03,0.0,final_narrow_rb10_hedge2d,10000000.0,0.0,10000000.0,0.0
2023-01-04,0.0,final_narrow_rb10_hedge2d,10000000.0,0.0,10000000.0,0.0
2023-01-05,0.0,final_narrow_rb10_hedge2d,10000000.0,0.0,10000000.0,0.0
2023-01-06,0.0,final_narrow_rb10_hedge2d,10000000.0,0.0,10000000.0,0.0
2023-01-09,0.0,final_narrow_rb10_hedge2d,10000000.0,0.0,10000000.0,0.0
2023-01-10,0.0,final_narrow_rb10_hedge2d,10000000.0,0.0,10000000.0,0.0
2023-01-11,0.0,final_narrow_rb10_hedge2d,10000000.0,0.0,10000000.0,0.0
2023-01-12,0.0,final_narrow_rb10_hedge2d,10000000.0,0.0,10000000.0,0.0
2023-01-13,0.0,final_narrow_rb10_hedge2d,10000000.0,0.0,10000000.0,0.0
2023-01-16,0.0,final_narrow_rb10_hedge2d,10000000.0,0.0,10000000.0,0.0
2023-01-17,0.0,final_narrow_rb10_hedge2d,10000000.0,0.0,10000000.0,0.0
2023-01-18,0.0,final_narrow_rb10_hedge2d,10000000.0,0.0,10000000.0,0.0
2023-01-19,0.0,final_narrow_rb10_hedge2d,10000000.0,0.0,10000000.0,0.0
2023-01-20,0.0,final_narrow_rb10_hedge2d,10000000.0,0.0,10000000.0,0.0
2023-01-30,0.0,final_narrow_rb10_hedge2d,10000000.0,0.0,10000000.0,0.0
2023-01-31,0.0,final_narrow_rb10_hedge2d,10000000.0,0.0,10000000.0,0.0
2023-02-01,0.0,final_narrow_rb10_hedge2d,10000000.0,0.0,10000000.0,0.0
2023-02-02,0.0,final_narrow_rb10_hedge2d,10000000.0,0.0,10000000.0,0.0
2023-02-03,0.0,final_narrow_rb10_hedge2d,10000000.0,0.0,10000000.0,0.0
2023-02-06,0.0,final_narrow_rb10_hedge2d,10000000.0,0.0,10000000.0,0.0
2023-02-07,0.0,final_narrow_rb10_hedge2d,10000000.0,0.0,10000000.0,0.0
2023-02-08,0.0,final_narrow_rb10_hedge2d,10000000.0,0.0,10000000.0,0.0
2023-02-09,0.0,final_narrow_rb10_hedge2d,10000000.0,0.0,10000000.0,0.0
2023-02-10,0.0,final_narrow_rb10_hedge2d,10000000.0,0.0,10000000.0,0.0
2023-02-13,0.0,final_narrow_rb10_hedge2d,10000000.0,0.0,10000000.0,0.0
2023-02-14,0.0,final_narrow_rb10_hedge2d,10000000.0,0.0,10000000.0,0.0
2023-02-15,0.0,final_narrow_rb10_hedge2d,10000000.0,0.0,10000000.0,0.0
2023-02-16,0.0,final_narrow_rb10_hedge2d,10000000.0,0.0,10000000.0,0.0
2023-02-17,0.0,final_narrow_rb10_hedge2d,10000000.0,0.0,10000000.0,0.0
2023-02-20,0.0,final_narrow_rb10_hedge2d,10000000.0,0.0,10000000.0,0.0
2023-02-21,0.0,final_narrow_rb10_hedge2d,10000000.0,0.0,10000000.0,0.0
2023-02-22,0.0,final_narrow_rb10_hedge2d,10000000.0,0.0,10000000.0,0.0
2023-02-23,0.0,final_narrow_rb10_hedge2d,10000000.0,0.0,10000000.0,0.0
2023-02-24,0.0,final_narrow_rb10_hedge2d,10000000.0,0.0,10000000.0,0.0
2023-02-27,0.0,final_narrow_rb10_hedge2d,10000000.0,0.0,10000000.0,0.0
2023-02-28,0.0,final_narrow_rb10_hedge2d,10000000.0,0.0,10000000.0,0.0
2023-03-01,0.0,final_narrow_rb10_hedge2d,10000000.0,0.0,10000000.0,0.0
2023-03-02,0.0,final_narrow_rb10_hedge2d,10000000.0,0.0,10000000.0,0.0
2023-03-03,0.0,final_narrow_rb10_hedge2d,10000000.0,0.0,10000000.0,0.0
2023-03-06,0.0,final_narrow_rb10_hedge2d,10000000.0,0.0,10000000.0,0.0
2023-03-07,0.0,final_narrow_rb10_hedge2d,10000000.0,0.0,10000000.0,0.0
2023-03-08,0.0,final_narrow_rb10_hedge2d,10000000.0,0.0,10000000.0,0.0
2023-03-09,0.0,final_narrow_rb10_hedge2d,10000000.0,0.0,10000000.0,0.0
2023-03-10,0.0,final_narrow_rb10_hedge2d,10000000.0,0.0,10000000.0,0.0
2023-03-13,0.0,final_narrow_rb10_hedge2d,10000000.0,0.0,10000000.0,0.0
2023-03-14,0.0,final_narrow_rb10_hedge2d,10000000.0,0.0,10000000.0,0.0
2023-03-15,0.0,final_narrow_rb10_hedge2d,10000000.0,0.0,10000000.0,0.0
2023-03-16,0.0,final_narrow_rb10_hedge2d,10000000.0,0.0,10000000.0,0.0
2023-03-17,0.0,final_narrow_rb10_hedge2d,10000000.0,0.0,10000000.0,0.0
2023-03-20,0.0,final_narrow_rb10_hedge2d,10000000.0,0.0,10000000.0,0.0
2023-03-21,0.0,final_narrow_rb10_hedge2d,10000000.0,0.0,10000000.0,0.0
2023-03-22,0.0,final_narrow_rb10_hedge2d,10000000.0,0.0,10000000.0,0.0
2023-03-23,0.0,final_narrow_rb10_hedge2d,10000000.0,0.0,10000000.0,0.0
2023-03-24,0.0,final_narrow_rb10_hedge2d,10000000.0,0.0,10000000.0,0.0
2023-03-27,0.0,final_narrow_rb10_hedge2d,10000000.0,0.0,10000000.0,0.0
2023-03-28,0.0,final_narrow_rb10_hedge2d,10000000.0,0.0,10000000.0,0.0
2023-03-29,0.0,final_narrow_rb10_hedge2d,10000000.0,0.0,10000000.0,0.0
2023-03-30,0.0,final_narrow_rb10_hedge2d,10000000.0,0.0,10000000.0,0.0
2023-03-31,0.0,final_narrow_rb10_hedge2d,10000000.0,0.0,10000000.0,0.0
2023-04-03,0.0,final_narrow_rb10_hedge2d,10000000.0,0.0,10000000.0,0.0
2023-04-04,0.0,final_narrow_rb10_hedge2d,10000000.0,0.0,10000000.0,0.0
2023-04-06,0.0,final_narrow_rb10_hedge2d,10000000.0,0.0,10000000.0,0.0
2023-04-07,0.0,final_narrow_rb10_hedge2d,10000000.0,0.0,10000000.0,0.0
2023-04-10,0.0,final_narrow_rb10_hedge2d,10000000.0,0.0,10000000.0,0.0
2023-04-11,0.0,final_narrow_rb10_hedge2d,10000000.0,0.0,10000000.0,0.0
2023-04-12,0.0,final_narrow_rb10_hedge2d,10000000.0,0.0,10000000.0,0.0
2023-04-13,0.0,final_narrow_rb10_hedge2d,10000000.0,0.0,10000000.0,0.0
2023-04-14,0.0,final_narrow_rb10_hedge2d,10000000.0,0.0,10000000.0,0.0
2023-04-17,0.0,final_narrow_rb10_hedge2d,10000000.0,0.0,10000000.0,0.0
2023-04-18,0.0,final_narrow_rb10_hedge2d,10000000.0,0.0,10000000.0,0.0
2023-04-19,0.0,final_narrow_rb10_hedge2d,10000000.0,0.0,10000000.0,0.0
2023-04-20,0.0,final_narrow_rb10_hedge2d,10000000.0,0.0,10000000.0,0.0
2023-04-21,0.0,final_narrow_rb10_hedge2d,10000000.0,0.0,10000000.0,0.0
2023-04-24,0.0,final_narrow_rb10_hedge2d,10000000.0,0.0,10000000.0,0.0
2023-04-25,0.0,final_narrow_rb10_hedge2d,10000000.0,0.0,10000000.0,0.0
2023-04-26,0.0,final_narrow_rb10_hedge2d,10000000.0,0.0,10000000.0,0.0
2023-04-27,0.0,final_narrow_rb10_hedge2d,10000000.0,0.0,10000000.0,0.0
2023-04-28,0.0,final_narrow_rb10_hedge2d,10000000.0,0.0,10000000.0,0.0
2023-05-04,0.0,final_narrow_rb10_hedge2d,10000000.0,0.0,10000000.0,0.0
2023-05-05,0.0,final_narrow_rb10_hedge2d,10000000.0,0.0,10000000.0,0.0
2023-05-08,0.0,final_narrow_rb10_hedge2d,10000000.0,0.0,10000000.0,0.0
2023-05-09,0.0,final_narrow_rb10_hedge2d,10000000.0,0.0,10000000.0,0.0
2023-05-10,0.0,final_narrow_rb10_hedge2d,10000000.0,0.0,10000000.0,0.0
2023-05-11,0.0,final_narrow_rb10_hedge2d,10000000.0,0.0,10000000.0,0.0
2023-05-12,0.0,final_narrow_rb10_hedge2d,10000000.0,0.0,10000000.0,0.0
2023-05-15,0.0,final_narrow_rb10_hedge2d,10000000.0,0.0,10000000.0,0.0
2023-05-16,0.0,final_narrow_rb10_hedge2d,10000000.0,0.0,10000000.0,0.0
2023-05-17,0.0,final_narrow_rb10_hedge2d,10000000.0,0.0,10000000.0,0.0
2023-05-18,0.0,final_narrow_rb10_hedge2d,10000000.0,0.0,10000000.0,0.0
2023-05-19,0.0,final_narrow_rb10_hedge2d,10000000.0,0.0,10000000.0,0.0
2023-05-22,0.0,final_narrow_rb10_hedge2d,10000000.0,0.0,10000000.0,0.0
2023-05-23,0.0,final_narrow_rb10_hedge2d,10000000.0,0.0,10000000.0,0.0
2023-05-24,0.0,final_narrow_rb10_hedge2d,10000000.0,0.0,10000000.0,0.0
2023-05-25,0.0,final_narrow_rb10_hedge2d,10000000.0,0.0,10000000.0,0.0
2023-05-26,0.0,final_narrow_rb10_hedge2d,10000000.0,0.0,10000000.0,0.0
2023-05-29,0.0,final_narrow_rb10_hedge2d,10000000.0,0.0,10000000.0,0.0
2023-05-30,0.0,final_narrow_rb10_hedge2d,10000000.0,0.0,10000000.0,0.0
2023-05-31,0.0,final_narrow_rb10_hedge2d,10000000.0,0.0,10000000.0,0.0
2023-06-01,0.0,final_narrow_rb10_hedge2d,10000000.0,0.0,10000000.0,0.0
2023-06-02,0.0,final_narrow_rb10_hedge2d,10000000.0,0.0,10000000.0,0.0
2023-06-05,0.0,final_narrow_rb10_hedge2d,10000000.0,0.0,10000000.0,0.0
2023-06-06,0.0,final_narrow_rb10_hedge2d,10000000.0,0.0,10000000.0,0.0
2023-06-07,0.0,final_narrow_rb10_hedge2d,10000000.0,0.0,10000000.0,0.0
2023-06-08,0.0,final_narrow_rb10_hedge2d,10000000.0,0.0,10000000.0,0.0
2023-06-09,0.0,final_narrow_rb10_hedge2d,10000000.0,0.0,10000000.0,0.0
2023-06-12,0.0,final_narrow_rb10_hedge2d,10000000.0,0.0,10000000.0,0.0
2023-06-13,0.0,final_narrow_rb10_hedge2d,10000000.0,0.0,10000000.0,0.0
2023-06-14,0.0,final_narrow_rb10_hedge2d,10000000.0,0.0,10000000.0,0.0
2023-06-15,0.0,final_narrow_rb10_hedge2d,10000000.0,0.0,10000000.0,0.0
2023-06-16,0.0,final_narrow_rb10_hedge2d,10000000.0,0.0,10000000.0,0.0
2023-06-19,0.0,final_narrow_rb10_hedge2d,10000000.0,0.0,10000000.0,0.0
2023-06-20,0.0,final_narrow_rb10_hedge2d,10000000.0,0.0,10000000.0,0.0
2023-06-21,0.0,final_narrow_rb10_hedge2d,10000000.0,0.0,10000000.0,0.0
2023-06-26,0.0,final_narrow_rb10_hedge2d,10000000.0,0.0,10000000.0,0.0
2023-06-27,0.0,final_narrow_rb10_hedge2d,10000000.0,0.0,10000000.0,0.0
2023-06-28,0.0,final_narrow_rb10_hedge2d,10000000.0,0.0,10000000.0,0.0
2023-06-29,0.0,final_narrow_rb10_hedge2d,10000000.0,0.0,10000000.0,0.0
2023-06-30,0.0,final_narrow_rb10_hedge2d,10000000.0,0.0,10000000.0,0.0
2023-07-03,0.0,final_narrow_rb10_hedge2d,10000000.0,0.0,10000000.0,0.0
2023-07-04,0.0,final_narrow_rb10_hedge2d,10000000.0,0.0,10000000.0,0.0
2023-07-05,0.0,final_narrow_rb10_hedge2d,10000000.0,0.0,10000000.0,0.0
2023-07-06,0.0,final_narrow_rb10_hedge2d,10000000.0,0.0,10000000.0,0.0
2023-07-07,0.0,final_narrow_rb10_hedge2d,10000000.0,0.0,10000000.0,0.0
2023-07-10,0.0,final_narrow_rb10_hedge2d,10000000.0,0.0,10000000.0,0.0
2023-07-11,0.0,final_narrow_rb10_hedge2d,10000000.0,0.0,10000000.0,0.0
2023-07-12,0.0,final_narrow_rb10_hedge2d,10000000.0,0.0,10000000.0,0.0
2023-07-13,0.0,final_narrow_rb10_hedge2d,10000000.0,0.0,10000000.0,0.0
2023-07-14,0.0,final_narrow_rb10_hedge2d,10000000.0,0.0,10000000.0,0.0
2023-07-17,0.0,final_narrow_rb10_hedge2d,10000000.0,0.0,10000000.0,0.0
2023-07-18,0.0,final_narrow_rb10_hedge2d,10000000.0,0.0,10000000.0,0.0
2023-07-19,0.0,final_narrow_rb10_hedge2d,10000000.0,0.0,10000000.0,0.0
2023-07-20,0.0,final_narrow_rb10_hedge2d,10000000.0,0.0,10000000.0,0.0
2023-07-21,0.0,final_narrow_rb10_hedge2d,10000000.0,0.0,10000000.0,0.0
2023-07-24,0.0,final_narrow_rb10_hedge2d,10000000.0,0.0,10000000.0,0.0
2023-07-25,0.0,final_narrow_rb10_hedge2d,10000000.0,0.0,10000000.0,0.0
2023-07-26,0.0,final_narrow_rb10_hedge2d,10000000.0,0.0,10000000.0,0.0
2023-07-27,0.0,final_narrow_rb10_hedge2d,10000000.0,0.0,10000000.0,0.0
2023-07-28,0.0,final_narrow_rb10_hedge2d,10000000.0,0.0,10000000.0,0.0
2023-07-31,0.0,final_narrow_rb10_hedge2d,10000000.0,0.0,10000000.0,0.0
2023-08-01,0.0,final_narrow_rb10_hedge2d,10000000.0,0.0,10000000.0,0.0
2023-08-02,0.0,final_narrow_rb10_hedge2d,10000000.0,0.0,10000000.0,0.0
2023-08-03,0.0,final_narrow_rb10_hedge2d,10000000.0,0.0,10000000.0,0.0
2023-08-04,0.0,final_narrow_rb10_hedge2d,10000000.0,0.0,10000000.0,0.0
2023-08-07,0.0,final_narrow_rb10_hedge2d,10000000.0,0.0,10000000.0,0.0
2023-08-08,0.0,final_narrow_rb10_hedge2d,10000000.0,0.0,10000000.0,0.0
2023-08-09,0.0,final_narrow_rb10_hedge2d,10000000.0,0.0,10000000.0,0.0
2023-08-10,0.0,final_narrow_rb10_hedge2d,10000000.0,0.0,10000000.0,0.0
2023-08-11,0.0,final_narrow_rb10_hedge2d,10000000.0,0.0,10000000.0,0.0
2023-08-14,0.0,final_narrow_rb10_hedge2d,10000000.0,0.0,10000000.0,0.0
2023-08-15,0.0,final_narrow_rb10_hedge2d,10000000.0,0.0,10000000.0,0.0
2023-08-16,0.0,final_narrow_rb10_hedge2d,10000000.0,0.0,10000000.0,0.0
2023-08-17,0.0,final_narrow_rb10_hedge2d,10000000.0,0.0,10000000.0,0.0
2023-08-18,0.0,final_narrow_rb10_hedge2d,10000000.0,0.0,10000000.0,0.0
2023-08-21,0.0,final_narrow_rb10_hedge2d,10000000.0,0.0,10000000.0,0.0
2023-08-22,0.0,final_narrow_rb10_hedge2d,10000000.0,0.0,10000000.0,0.0
2023-08-23,0.0,final_narrow_rb10_hedge2d,10000000.0,0.0,10000000.0,0.0
2023-08-24,0.0,final_narrow_rb10_hedge2d,10000000.0,0.0,10000000.0,0.0
2023-08-25,0.0,final_narrow_rb10_hedge2d,10000000.0,0.0,10000000.0,0.0
2023-08-28,0.0,final_narrow_rb10_hedge2d,10000000.0,0.0,10000000.0,0.0
2023-08-29,0.0,final_narrow_rb10_hedge2d,10000000.0,0.0,10000000.0,0.0
2023-08-30,0.0,final_narrow_rb10_hedge2d,10000000.0,0.0,10000000.0,0.0
2023-08-31,0.0,final_narrow_rb10_hedge2d,10000000.0,0.0,10000000.0,0.0
2023-09-01,0.0,final_narrow_rb10_hedge2d,10000000.0,0.0,10000000.0,0.0
2023-09-04,0.0,final_narrow_rb10_hedge2d,10000000.0,0.0,10000000.0,0.0
2023-09-05,0.0,final_narrow_rb10_hedge2d,10000000.0,0.0,10000000.0,0.0
2023-09-06,0.0,final_narrow_rb10_hedge2d,10000000.0,0.0,10000000.0,0.0
2023-09-07,0.0,final_narrow_rb10_hedge2d,10000000.0,0.0,10000000.0,0.0
2023-09-08,0.0,final_narrow_rb10_hedge2d,10000000.0,0.0,10000000.0,0.0
2023-09-11,0.0,final_narrow_rb10_hedge2d,10000000.0,0.0,10000000.0,0.0
2023-09-12,0.0,final_narrow_rb10_hedge2d,10000000.0,0.0,10000000.0,0.0
2023-09-13,0.0,final_narrow_rb10_hedge2d,10000000.0,0.0,10000000.0,0.0
2023-09-14,0.0,final_narrow_rb10_hedge2d,10000000.0,0.0,10000000.0,0.0
2023-09-15,0.0,final_narrow_rb10_hedge2d,10000000.0,0.0,10000000.0,0.0
2023-09-18,0.0,final_narrow_rb10_hedge2d,10000000.0,0.0,10000000.0,0.0
2023-09-19,0.0,final_narrow_rb10_hedge2d,10000000.0,0.0,10000000.0,0.0
2023-09-20,0.0,final_narrow_rb10_hedge2d,10000000.0,0.0,10000000.0,0.0
2023-09-21,0.0,final_narrow_rb10_hedge2d,10000000.0,0.0,10000000.0,0.0
2023-09-22,0.0,final_narrow_rb10_hedge2d,10000000.0,0.0,10000000.0,0.0
2023-09-25,0.0,final_narrow_rb10_hedge2d,10000000.0,0.0,10000000.0,0.0
2023-09-26,0.0,final_narrow_rb10_hedge2d,10000000.0,0.0,10000000.0,0.0
2023-09-27,0.0,final_narrow_rb10_hedge2d,10000000.0,0.0,10000000.0,0.0
2023-09-28,0.0,final_narrow_rb10_hedge2d,10000000.0,0.0,10000000.0,0.0
2023-10-09,0.0,final_narrow_rb10_hedge2d,10000000.0,0.0,10000000.0,0.0
2023-10-10,0.0,final_narrow_rb10_hedge2d,10000000.0,0.0,10000000.0,0.0
2023-10-11,0.0,final_narrow_rb10_hedge2d,10000000.0,0.0,10000000.0,0.0
2023-10-12,0.0,final_narrow_rb10_hedge2d,10000000.0,0.0,10000000.0,0.0
2023-10-13,0.0,final_narrow_rb10_hedge2d,10000000.0,0.0,10000000.0,0.0
2023-10-16,0.0,final_narrow_rb10_hedge2d,10000000.0,0.0,10000000.0,0.0
2023-10-17,0.0,final_narrow_rb10_hedge2d,10000000.0,0.0,10000000.0,0.0
2023-10-18,0.0,final_narrow_rb10_hedge2d,10000000.0,0.0,10000000.0,0.0
2023-10-19,0.0,final_narrow_rb10_hedge2d,10000000.0,0.0,10000000.0,0.0
2023-10-20,0.0,final_narrow_rb10_hedge2d,10000000.0,0.0,10000000.0,0.0
2023-10-23,0.0,final_narrow_rb10_hedge2d,10000000.0,0.0,10000000.0,0.0
2023-10-24,0.0,final_narrow_rb10_hedge2d,10000000.0,0.0,10000000.0,0.0
2023-10-25,0.0,final_narrow_rb10_hedge2d,10000000.0,0.0,10000000.0,0.0
2023-10-26,0.0,final_narrow_rb10_hedge2d,10000000.0,0.0,10000000.0,0.0
2023-10-27,0.0,final_narrow_rb10_hedge2d,10000000.0,0.0,10000000.0,0.0
2023-10-30,0.0,final_narrow_rb10_hedge2d,10000000.0,0.0,10000000.0,0.0
2023-10-31,0.0,final_narrow_rb10_hedge2d,10000000.0,0.0,10000000.0,0.0
2023-11-01,0.0,final_narrow_rb10_hedge2d,10000000.0,0.0,10000000.0,0.0
2023-11-02,0.0,final_narrow_rb10_hedge2d,10000000.0,0.0,10000000.0,0.0
2023-11-03,0.0,final_narrow_rb10_hedge2d,10000000.0,0.0,10000000.0,0.0
2023-11-06,0.0,final_narrow_rb10_hedge2d,10000000.0,0.0,10000000.0,0.0
2023-11-07,0.0,final_narrow_rb10_hedge2d,10000000.0,0.0,10000000.0,0.0
2023-11-08,0.0,final_narrow_rb10_hedge2d,10000000.0,0.0,10000000.0,0.0
2023-11-09,0.0,final_narrow_rb10_hedge2d,10000000.0,0.0,10000000.0,0.0
2023-11-10,0.0,final_narrow_rb10_hedge2d,10000000.0,0.0,10000000.0,0.0
2023-11-13,0.0,final_narrow_rb10_hedge2d,10000000.0,0.0,10000000.0,0.0
2023-11-14,0.0,final_narrow_rb10_hedge2d,10000000.0,0.0,10000000.0,0.0
2023-11-15,0.0,final_narrow_rb10_hedge2d,10000000.0,0.0,10000000.0,0.0
2023-11-16,0.0,final_narrow_rb10_hedge2d,10000000.0,0.0,10000000.0,0.0
2023-11-17,0.0,final_narrow_rb10_hedge2d,10000000.0,0.0,10000000.0,0.0
2023-11-20,0.0,final_narrow_rb10_hedge2d,10000000.0,0.0,10000000.0,0.0
2023-11-21,0.0,final_narrow_rb10_hedge2d,10000000.0,0.0,10000000.0,0.0
2023-11-22,0.0,final_narrow_rb10_hedge2d,10000000.0,0.0,10000000.0,0.0
2023-11-23,0.0,final_narrow_rb10_hedge2d,10000000.0,0.0,10000000.0,0.0
2023-11-24,0.0,final_narrow_rb10_hedge2d,10000000.0,0.0,10000000.0,0.0
2023-11-27,0.0,final_narrow_rb10_hedge2d,10000000.0,0.0,10000000.0,0.0
2023-11-28,0.0,final_narrow_rb10_hedge2d,10000000.0,0.0,10000000.0,0.0
2023-11-29,0.0,final_narrow_rb10_hedge2d,10000000.0,0.0,10000000.0,0.0
2023-11-30,0.0,final_narrow_rb10_hedge2d,10000000.0,0.0,10000000.0,0.0
2023-12-01,0.0,final_narrow_rb10_hedge2d,10000000.0,0.0,10000000.0,0.0
2023-12-04,0.0,final_narrow_rb10_hedge2d,10000000.0,0.0,10000000.0,0.0
2023-12-05,0.0,final_narrow_rb10_hedge2d,10000000.0,0.0,10000000.0,0.0
2023-12-06,0.0,final_narrow_rb10_hedge2d,10000000.0,0.0,10000000.0,0.0
2023-12-07,0.0,final_narrow_rb10_hedge2d,10000000.0,0.0,10000000.0,0.0
2023-12-08,0.0,final_narrow_rb10_hedge2d,10000000.0,0.0,10000000.0,0.0
2023-12-11,0.0,final_narrow_rb10_hedge2d,10000000.0,0.0,10000000.0,0.0
2023-12-12,0.0,final_narrow_rb10_hedge2d,10000000.0,0.0,10000000.0,0.0
2023-12-13,0.0,final_narrow_rb10_hedge2d,10000000.0,0.0,10000000.0,0.0
2023-12-14,0.0,final_narrow_rb10_hedge2d,10000000.0,0.0,10000000.0,0.0
2023-12-15,0.0,final_narrow_rb10_hedge2d,10000000.0,0.0,10000000.0,0.0
2023-12-18,0.0,final_narrow_rb10_hedge2d,10000000.0,0.0,10000000.0,0.0
2023-12-19,0.0,final_narrow_rb10_hedge2d,10000000.0,0.0,10000000.0,0.0
2023-12-20,0.0,final_narrow_rb10_hedge2d,10000000.0,0.0,10000000.0,0.0
2023-12-21,0.0,final_narrow_rb10_hedge2d,10000000.0,0.0,10000000.0,0.0
2023-12-22,0.0,final_narrow_rb10_hedge2d,10000000.0,0.0,10000000.0,0.0
2023-12-25,0.0,final_narrow_rb10_hedge2d,10000000.0,0.0,10000000.0,0.0
2023-12-26,0.0,final_narrow_rb10_hedge2d,10000000.0,0.0,10000000.0,0.0
2023-12-27,0.0,final_narrow_rb10_hedge2d,10000000.0,0.0,10000000.0,0.0
2023-12-28,0.0,final_narrow_rb10_hedge2d,10000000.0,0.0,10000000.0,0.0
2023-12-29,0.0,final_narrow_rb10_hedge2d,10000000.0,0.0,10000000.0,0.0
2024-01-02,0.0,final_narrow_rb10_hedge2d,10000000.0,0.0,10000000.0,0.0
2024-01-03,0.0,final_narrow_rb10_hedge2d,10000000.0,0.0,10000000.0,0.0
2024-01-04,0.0,final_narrow_rb10_hedge2d,10000000.0,0.0,10000000.0,0.0
2024-01-05,0.0,final_narrow_rb10_hedge2d,10000000.0,0.0,10000000.0,0.0
2024-01-08,0.0,final_narrow_rb10_hedge2d,10000000.0,0.0,10000000.0,0.0
2024-01-09,0.0,final_narrow_rb10_hedge2d,10000000.0,0.0,10000000.0,0.0
2024-01-10,0.0,final_narrow_rb10_hedge2d,10000000.0,0.0,10000000.0,0.0
2024-01-11,0.0,final_narrow_rb10_hedge2d,10000000.0,0.0,10000000.0,0.0
2024-01-12,0.0,final_narrow_rb10_hedge2d,10000000.0,0.0,10000000.0,0.0
2024-01-15,0.0,final_narrow_rb10_hedge2d,10000000.0,0.0,10000000.0,0.0
2024-01-16,0.0,final_narrow_rb10_hedge2d,10000000.0,0.0,10000000.0,0.0
2024-01-17,0.0,final_narrow_rb10_hedge2d,10000000.0,0.0,10000000.0,0.0
2024-01-18,0.0,final_narrow_rb10_hedge2d,10000000.0,0.0,10000000.0,0.0
2024-01-19,0.0,final_narrow_rb10_hedge2d,10000000.0,0.0,10000000.0,0.0
2024-01-22,0.0,final_narrow_rb10_hedge2d,10000000.0,0.0,10000000.0,0.0
2024-01-23,0.0,final_narrow_rb10_hedge2d,10000000.0,0.0,10000000.0,0.0
2024-01-24,0.0,final_narrow_rb10_hedge2d,10000000.0,0.0,10000000.0,0.0
2024-01-25,0.0,final_narrow_rb10_hedge2d,10000000.0,0.0,10000000.0,0.0
2024-01-26,0.0,final_narrow_rb10_hedge2d,10000000.0,0.0,10000000.0,0.0
2024-01-29,0.0,final_narrow_rb10_hedge2d,10000000.0,0.0,10000000.0,0.0
2024-01-30,0.0,final_narrow_rb10_hedge2d,10000000.0,0.0,10000000.0,0.0
2024-01-31,0.0,final_narrow_rb10_hedge2d,10000000.0,0.0,10000000.0,0.0
2024-02-01,0.0,final_narrow_rb10_hedge2d,10000000.0,0.0,10000000.0,0.0
2024-02-02,0.0,final_narrow_rb10_hedge2d,10000000.0,0.0,10000000.0,0.0
2024-02-05,0.0,final_narrow_rb10_hedge2d,10000000.0,0.0,10000000.0,0.0
2024-02-06,0.0,final_narrow_rb10_hedge2d,10000000.0,0.0,10000000.0,0.0
2024-02-07,0.0,final_narrow_rb10_hedge2d,10000000.0,0.0,10000000.0,0.0
2024-02-08,0.0,final_narrow_rb10_hedge2d,10000000.0,0.0,10000000.0,0.0
2024-02-19,0.0,final_narrow_rb10_hedge2d,10000000.0,0.0,10000000.0,0.0
2024-02-20,0.0,final_narrow_rb10_hedge2d,10000000.0,0.0,10000000.0,0.0
2024-02-21,0.0,final_narrow_rb10_hedge2d,10000000.0,0.0,10000000.0,0.0
2024-02-22,0.0,final_narrow_rb10_hedge2d,10000000.0,0.0,10000000.0,0.0
2024-02-23,0.0,final_narrow_rb10_hedge2d,10000000.0,0.0,10000000.0,0.0
2024-02-26,0.0,final_narrow_rb10_hedge2d,10000000.0,0.0,10000000.0,0.0
2024-02-27,0.0,final_narrow_rb10_hedge2d,10000000.0,0.0,10000000.0,0.0
2024-02-28,0.0,final_narrow_rb10_hedge2d,10000000.0,0.0,10000000.0,0.0
2024-02-29,0.0,final_narrow_rb10_hedge2d,10000000.0,0.0,10000000.0,0.0
2024-03-01,0.0,final_narrow_rb10_hedge2d,10000000.0,0.0,10000000.0,0.0
2024-03-04,0.0,final_narrow_rb10_hedge2d,10000000.0,0.0,10000000.0,0.0
2024-03-05,0.0,final_narrow_rb10_hedge2d,10000000.0,0.0,10000000.0,0.0
2024-03-06,0.0,final_narrow_rb10_hedge2d,10000000.0,0.0,10000000.0,0.0
2024-03-07,0.0,final_narrow_rb10_hedge2d,10000000.0,0.0,10000000.0,0.0
2024-03-08,0.0,final_narrow_rb10_hedge2d,10000000.0,0.0,10000000.0,0.0
2024-03-11,0.0,final_narrow_rb10_hedge2d,10000000.0,0.0,10000000.0,0.0
2024-03-12,0.0,final_narrow_rb10_hedge2d,10000000.0,0.0,10000000.0,0.0
2024-03-13,0.0,final_narrow_rb10_hedge2d,10000000.0,0.0,10000000.0,0.0
2024-03-14,0.0,final_narrow_rb10_hedge2d,10000000.0,0.0,10000000.0,0.0
2024-03-15,0.0,final_narrow_rb10_hedge2d,10000000.0,0.0,10000000.0,0.0
2024-03-18,0.0,final_narrow_rb10_hedge2d,10000000.0,0.0,10000000.0,0.0
2024-03-19,0.0,final_narrow_rb10_hedge2d,10000000.0,0.0,10000000.0,0.0
2024-03-20,0.0,final_narrow_rb10_hedge2d,10000000.0,0.0,10000000.0,0.0
2024-03-21,0.0,final_narrow_rb10_hedge2d,10000000.0,0.0,10000000.0,0.0
2024-03-22,0.0,final_narrow_rb10_hedge2d,10000000.0,0.0,10000000.0,0.0
2024-03-25,0.0,final_narrow_rb10_hedge2d,10000000.0,0.0,10000000.0,0.0
2024-03-26,0.0,final_narrow_rb10_hedge2d,10000000.0,0.0,10000000.0,0.0
2024-03-27,0.0,final_narrow_rb10_hedge2d,10000000.0,0.0,10000000.0,0.0
2024-03-28,0.0,final_narrow_rb10_hedge2d,10000000.0,0.0,10000000.0,0.0
2024-03-29,0.0,final_narrow_rb10_hedge2d,10000000.0,0.0,10000000.0,0.0
2024-04-01,0.0,final_narrow_rb10_hedge2d,10000000.0,0.0,10000000.0,0.0
2024-04-02,0.0,final_narrow_rb10_hedge2d,10000000.0,0.0,10000000.0,0.0
2024-04-03,0.0,final_narrow_rb10_hedge2d,10000000.0,0.0,10000000.0,0.0
2024-04-08,0.0,final_narrow_rb10_hedge2d,10000000.0,0.0,10000000.0,0.0
2024-04-09,0.0,final_narrow_rb10_hedge2d,10000000.0,0.0,10000000.0,0.0
2024-04-10,0.0,final_narrow_rb10_hedge2d,10000000.0,0.0,10000000.0,0.0
2024-04-11,0.0,final_narrow_rb10_hedge2d,10000000.0,0.0,10000000.0,0.0
2024-04-12,0.0,final_narrow_rb10_hedge2d,10000000.0,0.0,10000000.0,0.0
2024-04-15,0.0,final_narrow_rb10_hedge2d,10000000.0,0.0,10000000.0,0.0
2024-04-16,0.0,final_narrow_rb10_hedge2d,10000000.0,0.0,10000000.0,0.0
2024-04-17,0.0,final_narrow_rb10_hedge2d,10000000.0,0.0,10000000.0,0.0
2024-04-18,0.0,final_narrow_rb10_hedge2d,10000000.0,0.0,10000000.0,0.0
2024-04-19,0.0,final_narrow_rb10_hedge2d,10000000.0,0.0,10000000.0,0.0
2024-04-22,0.0,final_narrow_rb10_hedge2d,10000000.0,0.0,10000000.0,0.0
2024-04-23,0.0,final_narrow_rb10_hedge2d,10000000.0,0.0,10000000.0,0.0
2024-04-24,0.0,final_narrow_rb10_hedge2d,10000000.0,0.0,10000000.0,0.0
2024-04-25,0.0,final_narrow_rb10_hedge2d,10000000.0,0.0,10000000.0,0.0
2024-04-26,0.0,final_narrow_rb10_hedge2d,10000000.0,0.0,10000000.0,0.0
2024-04-29,0.0,final_narrow_rb10_hedge2d,10000000.0,0.0,10000000.0,0.0
2024-04-30,0.0,final_narrow_rb10_hedge2d,10000000.0,0.0,10000000.0,0.0
2024-05-06,0.0,final_narrow_rb10_hedge2d,10000000.0,0.0,10000000.0,0.0
2024-05-07,0.0,final_narrow_rb10_hedge2d,10000000.0,0.0,10000000.0,0.0
2024-05-08,0.0,final_narrow_rb10_hedge2d,10000000.0,0.0,10000000.0,0.0
2024-05-09,0.0,final_narrow_rb10_hedge2d,10000000.0,0.0,10000000.0,0.0
2024-05-10,0.0,final_narrow_rb10_hedge2d,10000000.0,0.0,10000000.0,0.0
2024-05-13,0.0,final_narrow_rb10_hedge2d,10000000.0,0.0,10000000.0,0.0
2024-05-14,0.0,final_narrow_rb10_hedge2d,10000000.0,0.0,10000000.0,0.0
2024-05-15,0.0,final_narrow_rb10_hedge2d,10000000.0,0.0,10000000.0,0.0
2024-05-16,0.0,final_narrow_rb10_hedge2d,10000000.0,0.0,10000000.0,0.0
2024-05-17,0.0,final_narrow_rb10_hedge2d,10000000.0,0.0,10000000.0,0.0
2024-05-20,0.0,final_narrow_rb10_hedge2d,10000000.0,0.0,10000000.0,0.0
2024-05-21,17584.999999999996,final_narrow_rb10_hedge2d,10017585.0,0.0017584999999999962,10017585.0,0.0
2024-05-22,3815.0,final_narrow_rb10_hedge2d,10021400.0,0.0003808303098999932,10021400.0,0.0
2024-05-23,-15699.999999999993,final_narrow_rb10_hedge2d,10005700.0,-0.001566647374618313,10021400.0,-0.001566647374618313
2024-05-24,-18490.00000000002,final_narrow_rb10_hedge2d,9987210.0,-0.001847946670397893,10021400.0,-0.0034116989642165585
2024-05-27,6150.000000000102,final_narrow_rb10_hedge2d,9993360.0,0.0006157875923304967,10021400.0,-0.0027980122537769603
2024-05-28,0.0,final_narrow_rb10_hedge2d,9993360.0,0.0,10021400.0,-0.0027980122537769603
2024-05-29,0.0,final_narrow_rb10_hedge2d,9993360.0,0.0,10021400.0,-0.0027980122537769603
2024-05-30,0.0,final_narrow_rb10_hedge2d,9993360.0,0.0,10021400.0,-0.0027980122537769603
2024-05-31,0.0,final_narrow_rb10_hedge2d,9993360.0,0.0,10021400.0,-0.0027980122537769603
2024-06-03,0.0,final_narrow_rb10_hedge2d,9993360.0,0.0,10021400.0,-0.0027980122537769603
2024-06-04,0.0,final_narrow_rb10_hedge2d,9993360.0,0.0,10021400.0,-0.0027980122537769603
2024-06-05,0.0,final_narrow_rb10_hedge2d,9993360.0,0.0,10021400.0,-0.0027980122537769603
2024-06-06,0.0,final_narrow_rb10_hedge2d,9993360.0,0.0,10021400.0,-0.0027980122537769603
2024-06-07,0.0,final_narrow_rb10_hedge2d,9993360.0,0.0,10021400.0,-0.0027980122537769603
2024-06-11,0.0,final_narrow_rb10_hedge2d,9993360.0,0.0,10021400.0,-0.0027980122537769603
2024-06-12,0.0,final_narrow_rb10_hedge2d,9993360.0,0.0,10021400.0,-0.0027980122537769603
2024-06-13,0.0,final_narrow_rb10_hedge2d,9993360.0,0.0,10021400.0,-0.0027980122537769603
2024-06-14,0.0,final_narrow_rb10_hedge2d,9993360.0,0.0,10021400.0,-0.0027980122537769603
2024-06-17,0.0,final_narrow_rb10_hedge2d,9993360.0,0.0,10021400.0,-0.0027980122537769603
2024-06-18,0.0,final_narrow_rb10_hedge2d,9993360.0,0.0,10021400.0,-0.0027980122537769603
2024-06-19,0.0,final_narrow_rb10_hedge2d,9993360.0,0.0,10021400.0,-0.0027980122537769603
2024-06-20,0.0,final_narrow_rb10_hedge2d,9993360.0,0.0,10021400.0,-0.0027980122537769603
2024-06-21,0.0,final_narrow_rb10_hedge2d,9993360.0,0.0,10021400.0,-0.0027980122537769603
2024-06-24,0.0,final_narrow_rb10_hedge2d,9993360.0,0.0,10021400.0,-0.0027980122537769603
2024-06-25,0.0,final_narrow_rb10_hedge2d,9993360.0,0.0,10021400.0,-0.0027980122537769603
2024-06-26,0.0,final_narrow_rb10_hedge2d,9993360.0,0.0,10021400.0,-0.0027980122537769603
2024-06-27,0.0,final_narrow_rb10_hedge2d,9993360.0,0.0,10021400.0,-0.0027980122537769603
2024-06-28,0.0,final_narrow_rb10_hedge2d,9993360.0,0.0,10021400.0,-0.0027980122537769603
2024-07-01,0.0,final_narrow_rb10_hedge2d,9993360.0,0.0,10021400.0,-0.0027980122537769603
2024-07-02,0.0,final_narrow_rb10_hedge2d,9993360.0,0.0,10021400.0,-0.0027980122537769603
2024-07-03,0.0,final_narrow_rb10_hedge2d,9993360.0,0.0,10021400.0,-0.0027980122537769603
2024-07-04,0.0,final_narrow_rb10_hedge2d,9993360.0,0.0,10021400.0,-0.0027980122537769603
2024-07-05,0.0,final_narrow_rb10_hedge2d,9993360.0,0.0,10021400.0,-0.0027980122537769603
2024-07-08,0.0,final_narrow_rb10_hedge2d,9993360.0,0.0,10021400.0,-0.0027980122537769603
2024-07-09,0.0,final_narrow_rb10_hedge2d,9993360.0,0.0,10021400.0,-0.0027980122537769603
2024-07-10,0.0,final_narrow_rb10_hedge2d,9993360.0,0.0,10021400.0,-0.0027980122537769603
2024-07-11,0.0,final_narrow_rb10_hedge2d,9993360.0,0.0,10021400.0,-0.0027980122537769603
2024-07-12,0.0,final_narrow_rb10_hedge2d,9993360.0,0.0,10021400.0,-0.0027980122537769603
2024-07-15,0.0,final_narrow_rb10_hedge2d,9993360.0,0.0,10021400.0,-0.0027980122537769603
2024-07-16,0.0,final_narrow_rb10_hedge2d,9993360.0,0.0,10021400.0,-0.0027980122537769603
2024-07-17,0.0,final_narrow_rb10_hedge2d,9993360.0,0.0,10021400.0,-0.0027980122537769603
2024-07-18,0.0,final_narrow_rb10_hedge2d,9993360.0,0.0,10021400.0,-0.0027980122537769603
2024-07-19,0.0,final_narrow_rb10_hedge2d,9993360.0,0.0,10021400.0,-0.0027980122537769603
2024-07-22,0.0,final_narrow_rb10_hedge2d,9993360.0,0.0,10021400.0,-0.0027980122537769603
2024-07-23,0.0,final_narrow_rb10_hedge2d,9993360.0,0.0,10021400.0,-0.0027980122537769603
2024-07-24,0.0,final_narrow_rb10_hedge2d,9993360.0,0.0,10021400.0,-0.0027980122537769603
2024-07-25,0.0,final_narrow_rb10_hedge2d,9993360.0,0.0,10021400.0,-0.0027980122537769603
2024-07-26,0.0,final_narrow_rb10_hedge2d,9993360.0,0.0,10021400.0,-0.0027980122537769603
2024-07-29,0.0,final_narrow_rb10_hedge2d,9993360.0,0.0,10021400.0,-0.0027980122537769603
2024-07-30,0.0,final_narrow_rb10_hedge2d,9993360.0,0.0,10021400.0,-0.0027980122537769603
2024-07-31,0.0,final_narrow_rb10_hedge2d,9993360.0,0.0,10021400.0,-0.0027980122537769603
2024-08-01,0.0,final_narrow_rb10_hedge2d,9993360.0,0.0,10021400.0,-0.0027980122537769603
2024-08-02,0.0,final_narrow_rb10_hedge2d,9993360.0,0.0,10021400.0,-0.0027980122537769603
2024-08-05,0.0,final_narrow_rb10_hedge2d,9993360.0,0.0,10021400.0,-0.0027980122537769603
2024-08-06,0.0,final_narrow_rb10_hedge2d,9993360.0,0.0,10021400.0,-0.0027980122537769603
2024-08-07,0.0,final_narrow_rb10_hedge2d,9993360.0,0.0,10021400.0,-0.0027980122537769603
2024-08-08,0.0,final_narrow_rb10_hedge2d,9993360.0,0.0,10021400.0,-0.0027980122537769603
2024-08-09,0.0,final_narrow_rb10_hedge2d,9993360.0,0.0,10021400.0,-0.0027980122537769603
2024-08-12,0.0,final_narrow_rb10_hedge2d,9993360.0,0.0,10021400.0,-0.0027980122537769603
2024-08-13,0.0,final_narrow_rb10_hedge2d,9993360.0,0.0,10021400.0,-0.0027980122537769603
2024-08-14,0.0,final_narrow_rb10_hedge2d,9993360.0,0.0,10021400.0,-0.0027980122537769603
2024-08-15,0.0,final_narrow_rb10_hedge2d,9993360.0,0.0,10021400.0,-0.0027980122537769603
2024-08-16,0.0,final_narrow_rb10_hedge2d,9993360.0,0.0,10021400.0,-0.0027980122537769603
2024-08-19,0.0,final_narrow_rb10_hedge2d,9993360.0,0.0,10021400.0,-0.0027980122537769603
2024-08-20,0.0,final_narrow_rb10_hedge2d,9993360.0,0.0,10021400.0,-0.0027980122537769603
2024-08-21,0.0,final_narrow_rb10_hedge2d,9993360.0,0.0,10021400.0,-0.0027980122537769603
2024-08-22,0.0,final_narrow_rb10_hedge2d,9993360.0,0.0,10021400.0,-0.0027980122537769603
2024-08-23,0.0,final_narrow_rb10_hedge2d,9993360.0,0.0,10021400.0,-0.0027980122537769603
2024-08-26,0.0,final_narrow_rb10_hedge2d,9993360.0,0.0,10021400.0,-0.0027980122537769603
2024-08-27,0.0,final_narrow_rb10_hedge2d,9993360.0,0.0,10021400.0,-0.0027980122537769603
2024-08-28,0.0,final_narrow_rb10_hedge2d,9993360.0,0.0,10021400.0,-0.0027980122537769603
2024-08-29,0.0,final_narrow_rb10_hedge2d,9993360.0,0.0,10021400.0,-0.0027980122537769603
2024-08-30,0.0,final_narrow_rb10_hedge2d,9993360.0,0.0,10021400.0,-0.0027980122537769603
2024-09-02,0.0,final_narrow_rb10_hedge2d,9993360.0,0.0,10021400.0,-0.0027980122537769603
2024-09-03,0.0,final_narrow_rb10_hedge2d,9993360.0,0.0,10021400.0,-0.0027980122537769603
2024-09-04,0.0,final_narrow_rb10_hedge2d,9993360.0,0.0,10021400.0,-0.0027980122537769603
2024-09-05,0.0,final_narrow_rb10_hedge2d,9993360.0,0.0,10021400.0,-0.0027980122537769603
2024-09-06,0.0,final_narrow_rb10_hedge2d,9993360.0,0.0,10021400.0,-0.0027980122537769603
2024-09-09,0.0,final_narrow_rb10_hedge2d,9993360.0,0.0,10021400.0,-0.0027980122537769603
2024-09-10,0.0,final_narrow_rb10_hedge2d,9993360.0,0.0,10021400.0,-0.0027980122537769603
2024-09-11,0.0,final_narrow_rb10_hedge2d,9993360.0,0.0,10021400.0,-0.0027980122537769603
2024-09-12,0.0,final_narrow_rb10_hedge2d,9993360.0,0.0,10021400.0,-0.0027980122537769603
2024-09-13,0.0,final_narrow_rb10_hedge2d,9993360.0,0.0,10021400.0,-0.0027980122537769603
2024-09-18,0.0,final_narrow_rb10_hedge2d,9993360.0,0.0,10021400.0,-0.0027980122537769603
2024-09-19,0.0,final_narrow_rb10_hedge2d,9993360.0,0.0,10021400.0,-0.0027980122537769603
2024-09-20,0.0,final_narrow_rb10_hedge2d,9993360.0,0.0,10021400.0,-0.0027980122537769603
2024-09-23,0.0,final_narrow_rb10_hedge2d,9993360.0,0.0,10021400.0,-0.0027980122537769603
2024-09-24,0.0,final_narrow_rb10_hedge2d,9993360.0,0.0,10021400.0,-0.0027980122537769603
2024-09-25,0.0,final_narrow_rb10_hedge2d,9993360.0,0.0,10021400.0,-0.0027980122537769603
2024-09-26,0.0,final_narrow_rb10_hedge2d,9993360.0,0.0,10021400.0,-0.0027980122537769603
2024-09-27,0.0,final_narrow_rb10_hedge2d,9993360.0,0.0,10021400.0,-0.0027980122537769603
2024-09-30,0.0,final_narrow_rb10_hedge2d,9993360.0,0.0,10021400.0,-0.0027980122537769603
2024-10-08,0.0,final_narrow_rb10_hedge2d,9993360.0,0.0,10021400.0,-0.0027980122537769603
2024-10-09,0.0,final_narrow_rb10_hedge2d,9993360.0,0.0,10021400.0,-0.0027980122537769603
2024-10-10,0.0,final_narrow_rb10_hedge2d,9993360.0,0.0,10021400.0,-0.0027980122537769603
2024-10-11,0.0,final_narrow_rb10_hedge2d,9993360.0,0.0,10021400.0,-0.0027980122537769603
2024-10-14,0.0,final_narrow_rb10_hedge2d,9993360.0,0.0,10021400.0,-0.0027980122537769603
2024-10-15,0.0,final_narrow_rb10_hedge2d,9993360.0,0.0,10021400.0,-0.0027980122537769603
2024-10-16,0.0,final_narrow_rb10_hedge2d,9993360.0,0.0,10021400.0,-0.0027980122537769603
2024-10-17,0.0,final_narrow_rb10_hedge2d,9993360.0,0.0,10021400.0,-0.0027980122537769603
2024-10-18,0.0,final_narrow_rb10_hedge2d,9993360.0,0.0,10021400.0,-0.0027980122537769603
2024-10-21,0.0,final_narrow_rb10_hedge2d,9993360.0,0.0,10021400.0,-0.0027980122537769603
2024-10-22,0.0,final_narrow_rb10_hedge2d,9993360.0,0.0,10021400.0,-0.0027980122537769603
2024-10-23,0.0,final_narrow_rb10_hedge2d,9993360.0,0.0,10021400.0,-0.0027980122537769603
2024-10-24,0.0,final_narrow_rb10_hedge2d,9993360.0,0.0,10021400.0,-0.0027980122537769603
2024-10-25,0.0,final_narrow_rb10_hedge2d,9993360.0,0.0,10021400.0,-0.0027980122537769603
2024-10-28,0.0,final_narrow_rb10_hedge2d,9993360.0,0.0,10021400.0,-0.0027980122537769603
2024-10-29,-16849.999999999996,final_narrow_rb10_hedge2d,9976510.0,-0.001686119583403367,10021400.0,-0.004479414053924602
2024-10-30,-10665.000000000004,final_narrow_rb10_hedge2d,9965845.0,-0.0010690111070905672,10021400.0,-0.005543636617638237
2024-10-31,-1979.9999999999854,final_narrow_rb10_hedge2d,9963865.0,-0.00019867858671296368,10021400.0,-0.00574121380246273
2024-11-01,6119.999999999993,final_narrow_rb10_hedge2d,9969985.0,0.0006142194820986102,10021400.0,-0.005130520685732498
2024-11-04,8519.99999999999,final_narrow_rb10_hedge2d,9978505.0,0.0008545649767777164,10021400.0,-0.0042803400722454255
2024-11-05,-6264.999999999998,final_narrow_rb10_hedge2d,9972240.0,-0.0006278495626348413,10021400.0,-0.004905502225238001
2024-11-06,14200.0,final_narrow_rb10_hedge2d,9986440.0,0.001423952893231606,10021400.0,-0.003488534536092769
2024-11-07,1109.9999999999927,final_narrow_rb10_hedge2d,9987550.0,0.00011115072037681806,10021400.0,-0.003377771568842669
2024-11-08,18360.0,final_narrow_rb10_hedge2d,10005910.0,0.0018382886693932843,10021400.0,-0.0015456922186520838
2024-11-11,2300.0000000000073,final_narrow_rb10_hedge2d,10008210.0,0.00022986415028714013,10021400.0,-0.0013161833675933154
2024-11-12,-1479.9999999999964,final_narrow_rb10_hedge2d,10006730.0,-0.0001478785916761982,10021400.0,-0.0014638673239267819
2024-11-13,-970.0000000000036,final_narrow_rb10_hedge2d,10005760.0,-9.693476290451031e-05,10021400.0,-0.0015606601871993586
2024-11-14,-2020.0000000000073,final_narrow_rb10_hedge2d,10003740.0,-0.00020188371498019997,10021400.0,-0.0017622288303031919
2024-11-15,-599.9999999999927,final_narrow_rb10_hedge2d,10003140.0,-5.9977568389379954e-05,10021400.0,-0.001822100704492402
2024-11-18,4760.0,final_narrow_rb10_hedge2d,10007900.0,0.00047585058291699234,10021400.0,-0.0013471171692578388
2024-11-19,3695.000000000233,final_narrow_rb10_hedge2d,10011595.0,0.0003692083254229761,10021400.0,-0.000978406210709104
2024-11-20,7059.999999999534,final_narrow_rb10_hedge2d,10018655.0,0.0007051823410755276,10021400.0,-0.0002739138244157724
2024-11-21,7440.000000000233,final_narrow_rb10_hedge2d,10026095.0,0.0007426146523659138,10026095.0,0.0
2024-11-22,-9040.0,final_narrow_rb10_hedge2d,10017055.0,-0.0009016471517574454,10026095.0,-0.0009016471517574454
2024-11-25,20365.000000000276,final_narrow_rb10_hedge2d,10037420.0,0.0020330326627935325,10037420.0,0.0
2024-11-26,0.0,final_narrow_rb10_hedge2d,10037420.0,0.0,10037420.0,0.0
2024-11-27,0.0,final_narrow_rb10_hedge2d,10037420.0,0.0,10037420.0,0.0
2024-11-28,0.0,final_narrow_rb10_hedge2d,10037420.0,0.0,10037420.0,0.0
2024-11-29,0.0,final_narrow_rb10_hedge2d,10037420.0,0.0,10037420.0,0.0
2024-12-02,0.0,final_narrow_rb10_hedge2d,10037420.0,0.0,10037420.0,0.0
2024-12-03,0.0,final_narrow_rb10_hedge2d,10037420.0,0.0,10037420.0,0.0
2024-12-04,0.0,final_narrow_rb10_hedge2d,10037420.0,0.0,10037420.0,0.0
2024-12-05,0.0,final_narrow_rb10_hedge2d,10037420.0,0.0,10037420.0,0.0
2024-12-06,0.0,final_narrow_rb10_hedge2d,10037420.0,0.0,10037420.0,0.0
2024-12-09,0.0,final_narrow_rb10_hedge2d,10037420.0,0.0,10037420.0,0.0
2024-12-10,0.0,final_narrow_rb10_hedge2d,10037420.0,0.0,10037420.0,0.0
2024-12-11,0.0,final_narrow_rb10_hedge2d,10037420.0,0.0,10037420.0,0.0
2024-12-12,0.0,final_narrow_rb10_hedge2d,10037420.0,0.0,10037420.0,0.0
2024-12-13,0.0,final_narrow_rb10_hedge2d,10037420.0,0.0,10037420.0,0.0
2024-12-16,0.0,final_narrow_rb10_hedge2d,10037420.0,0.0,10037420.0,0.0
2024-12-17,0.0,final_narrow_rb10_hedge2d,10037420.0,0.0,10037420.0,0.0
2024-12-18,0.0,final_narrow_rb10_hedge2d,10037420.0,0.0,10037420.0,0.0
2024-12-19,0.0,final_narrow_rb10_hedge2d,10037420.0,0.0,10037420.0,0.0
2024-12-20,0.0,final_narrow_rb10_hedge2d,10037420.0,0.0,10037420.0,0.0
2024-12-23,0.0,final_narrow_rb10_hedge2d,10037420.0,0.0,10037420.0,0.0
2024-12-24,0.0,final_narrow_rb10_hedge2d,10037420.0,0.0,10037420.0,0.0
2024-12-25,0.0,final_narrow_rb10_hedge2d,10037420.0,0.0,10037420.0,0.0
2024-12-26,0.0,final_narrow_rb10_hedge2d,10037420.0,0.0,10037420.0,0.0
2024-12-27,0.0,final_narrow_rb10_hedge2d,10037420.0,0.0,10037420.0,0.0
2024-12-30,0.0,final_narrow_rb10_hedge2d,10037420.0,0.0,10037420.0,0.0
2024-12-31,0.0,final_narrow_rb10_hedge2d,10037420.0,0.0,10037420.0,0.0
2025-01-02,0.0,final_narrow_rb10_hedge2d,10037420.0,0.0,10037420.0,0.0
2025-01-03,0.0,final_narrow_rb10_hedge2d,10037420.0,0.0,10037420.0,0.0
2025-01-06,0.0,final_narrow_rb10_hedge2d,10037420.0,0.0,10037420.0,0.0
2025-01-07,0.0,final_narrow_rb10_hedge2d,10037420.0,0.0,10037420.0,0.0
2025-01-08,0.0,final_narrow_rb10_hedge2d,10037420.0,0.0,10037420.0,0.0
2025-01-09,0.0,final_narrow_rb10_hedge2d,10037420.0,0.0,10037420.0,0.0
2025-01-10,0.0,final_narrow_rb10_hedge2d,10037420.0,0.0,10037420.0,0.0
2025-01-13,0.0,final_narrow_rb10_hedge2d,10037420.0,0.0,10037420.0,0.0
2025-01-14,0.0,final_narrow_rb10_hedge2d,10037420.0,0.0,10037420.0,0.0
2025-01-15,0.0,final_narrow_rb10_hedge2d,10037420.0,0.0,10037420.0,0.0
2025-01-16,0.0,final_narrow_rb10_hedge2d,10037420.0,0.0,10037420.0,0.0
2025-01-17,0.0,final_narrow_rb10_hedge2d,10037420.0,0.0,10037420.0,0.0
2025-01-20,0.0,final_narrow_rb10_hedge2d,10037420.0,0.0,10037420.0,0.0
2025-01-21,0.0,final_narrow_rb10_hedge2d,10037420.0,0.0,10037420.0,0.0
2025-01-22,0.0,final_narrow_rb10_hedge2d,10037420.0,0.0,10037420.0,0.0
2025-01-23,0.0,final_narrow_rb10_hedge2d,10037420.0,0.0,10037420.0,0.0
2025-01-24,0.0,final_narrow_rb10_hedge2d,10037420.0,0.0,10037420.0,0.0
2025-01-27,0.0,final_narrow_rb10_hedge2d,10037420.0,0.0,10037420.0,0.0
2025-02-05,0.0,final_narrow_rb10_hedge2d,10037420.0,0.0,10037420.0,0.0
2025-02-06,0.0,final_narrow_rb10_hedge2d,10037420.0,0.0,10037420.0,0.0
2025-02-07,0.0,final_narrow_rb10_hedge2d,10037420.0,0.0,10037420.0,0.0
2025-02-10,0.0,final_narrow_rb10_hedge2d,10037420.0,0.0,10037420.0,0.0
2025-02-11,0.0,final_narrow_rb10_hedge2d,10037420.0,0.0,10037420.0,0.0
2025-02-12,0.0,final_narrow_rb10_hedge2d,10037420.0,0.0,10037420.0,0.0
2025-02-13,0.0,final_narrow_rb10_hedge2d,10037420.0,0.0,10037420.0,0.0
2025-02-14,0.0,final_narrow_rb10_hedge2d,10037420.0,0.0,10037420.0,0.0
2025-02-17,0.0,final_narrow_rb10_hedge2d,10037420.0,0.0,10037420.0,0.0
2025-02-18,0.0,final_narrow_rb10_hedge2d,10037420.0,0.0,10037420.0,0.0
2025-02-19,0.0,final_narrow_rb10_hedge2d,10037420.0,0.0,10037420.0,0.0
2025-02-20,0.0,final_narrow_rb10_hedge2d,10037420.0,0.0,10037420.0,0.0
2025-02-21,0.0,final_narrow_rb10_hedge2d,10037420.0,0.0,10037420.0,0.0
2025-02-24,0.0,final_narrow_rb10_hedge2d,10037420.0,0.0,10037420.0,0.0
2025-02-25,0.0,final_narrow_rb10_hedge2d,10037420.0,0.0,10037420.0,0.0
2025-02-26,0.0,final_narrow_rb10_hedge2d,10037420.0,0.0,10037420.0,0.0
2025-02-27,0.0,final_narrow_rb10_hedge2d,10037420.0,0.0,10037420.0,0.0
2025-02-28,0.0,final_narrow_rb10_hedge2d,10037420.0,0.0,10037420.0,0.0
2025-03-03,0.0,final_narrow_rb10_hedge2d,10037420.0,0.0,10037420.0,0.0
2025-03-04,0.0,final_narrow_rb10_hedge2d,10037420.0,0.0,10037420.0,0.0
2025-03-05,0.0,final_narrow_rb10_hedge2d,10037420.0,0.0,10037420.0,0.0
2025-03-06,0.0,final_narrow_rb10_hedge2d,10037420.0,0.0,10037420.0,0.0
2025-03-07,0.0,final_narrow_rb10_hedge2d,10037420.0,0.0,10037420.0,0.0
2025-03-10,0.0,final_narrow_rb10_hedge2d,10037420.0,0.0,10037420.0,0.0
2025-03-11,0.0,final_narrow_rb10_hedge2d,10037420.0,0.0,10037420.0,0.0
2025-03-12,0.0,final_narrow_rb10_hedge2d,10037420.0,0.0,10037420.0,0.0
2025-03-13,0.0,final_narrow_rb10_hedge2d,10037420.0,0.0,10037420.0,0.0
2025-03-14,0.0,final_narrow_rb10_hedge2d,10037420.0,0.0,10037420.0,0.0
2025-03-17,0.0,final_narrow_rb10_hedge2d,10037420.0,0.0,10037420.0,0.0
2025-03-18,0.0,final_narrow_rb10_hedge2d,10037420.0,0.0,10037420.0,0.0
2025-03-19,0.0,final_narrow_rb10_hedge2d,10037420.0,0.0,10037420.0,0.0
2025-03-20,0.0,final_narrow_rb10_hedge2d,10037420.0,0.0,10037420.0,0.0
2025-03-21,0.0,final_narrow_rb10_hedge2d,10037420.0,0.0,10037420.0,0.0
2025-03-24,0.0,final_narrow_rb10_hedge2d,10037420.0,0.0,10037420.0,0.0
2025-03-25,0.0,final_narrow_rb10_hedge2d,10037420.0,0.0,10037420.0,0.0
2025-03-26,0.0,final_narrow_rb10_hedge2d,10037420.0,0.0,10037420.0,0.0
2025-03-27,0.0,final_narrow_rb10_hedge2d,10037420.0,0.0,10037420.0,0.0
2025-03-28,0.0,final_narrow_rb10_hedge2d,10037420.0,0.0,10037420.0,0.0
2025-03-31,0.0,final_narrow_rb10_hedge2d,10037420.0,0.0,10037420.0,0.0
2025-04-01,0.0,final_narrow_rb10_hedge2d,10037420.0,0.0,10037420.0,0.0
2025-04-02,0.0,final_narrow_rb10_hedge2d,10037420.0,0.0,10037420.0,0.0
2025-04-03,0.0,final_narrow_rb10_hedge2d,10037420.0,0.0,10037420.0,0.0
2025-04-07,0.0,final_narrow_rb10_hedge2d,10037420.0,0.0,10037420.0,0.0
2025-04-08,0.0,final_narrow_rb10_hedge2d,10037420.0,0.0,10037420.0,0.0
2025-04-09,0.0,final_narrow_rb10_hedge2d,10037420.0,0.0,10037420.0,0.0
2025-04-10,0.0,final_narrow_rb10_hedge2d,10037420.0,0.0,10037420.0,0.0
2025-04-11,0.0,final_narrow_rb10_hedge2d,10037420.0,0.0,10037420.0,0.0
2025-04-14,0.0,final_narrow_rb10_hedge2d,10037420.0,0.0,10037420.0,0.0
2025-04-15,0.0,final_narrow_rb10_hedge2d,10037420.0,0.0,10037420.0,0.0
2025-04-16,0.0,final_narrow_rb10_hedge2d,10037420.0,0.0,10037420.0,0.0
2025-04-17,0.0,final_narrow_rb10_hedge2d,10037420.0,0.0,10037420.0,0.0
2025-04-18,0.0,final_narrow_rb10_hedge2d,10037420.0,0.0,10037420.0,0.0
2025-04-21,0.0,final_narrow_rb10_hedge2d,10037420.0,0.0,10037420.0,0.0
2025-04-22,0.0,final_narrow_rb10_hedge2d,10037420.0,0.0,10037420.0,0.0
2025-04-23,0.0,final_narrow_rb10_hedge2d,10037420.0,0.0,10037420.0,0.0
2025-04-24,-1829.999999999983,final_narrow_rb10_hedge2d,10035590.0,-0.00018231776691624013,10037420.0,-0.00018231776691624013
2025-04-25,3899.999999999991,final_narrow_rb10_hedge2d,10039490.0,0.00038861691240876794,10039490.0,0.0
2025-04-28,23340.000000000004,final_narrow_rb10_hedge2d,10062830.0,0.002324819288629154,10062830.0,0.0
2025-04-29,-1979.999999999989,final_narrow_rb10_hedge2d,10060850.0,-0.00019676373346266818,10062830.0,-0.00019676373346266818
2025-04-30,-6600.000000000007,final_narrow_rb10_hedge2d,10054250.0,-0.0006560081901628712,10062830.0,-0.0008526428450048584
2025-05-06,30834.999999999993,final_narrow_rb10_hedge2d,10085085.0,0.003066862272173454,10085085.0,0.0
2025-05-07,14340.000000000007,final_narrow_rb10_hedge2d,10099425.0,0.0014219017489689456,10099425.0,0.0
2025-05-08,-1285.0,final_narrow_rb10_hedge2d,10098140.0,-0.00012723496634714504,10099425.0,-0.00012723496634714504
2025-05-09,6299.999999999985,final_narrow_rb10_hedge2d,10104440.0,0.0006238772684870053,10104440.0,0.0
2025-05-12,6395.000000000015,final_narrow_rb10_hedge2d,10110835.0,0.0006328900958390005,10110835.0,0.0
2025-05-13,8320.0,final_narrow_rb10_hedge2d,10119155.0,0.0008228796138003425,10119155.0,0.0
2025-05-14,-785.0,final_narrow_rb10_hedge2d,10118370.0,-7.75756473737621e-05,10119155.0,-7.75756473737621e-05
2025-05-15,-16959.999999999985,final_narrow_rb10_hedge2d,10101410.0,-0.0016761593023382204,10119155.0,-0.001753604920568974
2025-05-16,14260.0,final_narrow_rb10_hedge2d,10115670.0,0.0014116841114260037,10119155.0,-0.0003443963453469978
2025-05-19,3100.0,final_narrow_rb10_hedge2d,10118770.0,0.0003064552323277514,10119155.0,-3.804665508133631e-05
2025-05-20,2940.0000000000146,final_narrow_rb10_hedge2d,10121710.0,0.0002905491477718236,10121710.0,0.0
2025-05-21,-6400.000000000015,final_narrow_rb10_hedge2d,10115310.0,-0.0006323042252741606,10121710.0,-0.0006323042252741606
2025-05-22,11155.0,final_narrow_rb10_hedge2d,10126465.0,0.0011027838000021717,10126465.0,0.0
2025-05-23,6660.0,final_narrow_rb10_hedge2d,10133125.0,0.0006576826167867811,10133125.0,0.0
2025-05-26,14165.000000000204,final_narrow_rb10_hedge2d,10147290.0,0.0013978905816320886,10147290.0,0.0
2025-05-27,0.0,final_narrow_rb10_hedge2d,10147290.0,0.0,10147290.0,0.0
2025-05-28,0.0,final_narrow_rb10_hedge2d,10147290.0,0.0,10147290.0,0.0
2025-05-29,0.0,final_narrow_rb10_hedge2d,10147290.0,0.0,10147290.0,0.0
2025-05-30,-1930.0000000000018,final_narrow_rb10_hedge2d,10145360.0,-0.00019019856533120105,10147290.0,-0.00019019856533120105
2025-06-03,-1259.9999999999982,final_narrow_rb10_hedge2d,10144100.0,-0.0001241947057570858,10147290.0,-0.0003143696494335435
2025-06-04,1479.9999999999968,final_narrow_rb10_hedge2d,10145580.0,0.00014589761536254464,10147290.0,-0.0001685178998530601
2025-06-05,1600.0000000000014,final_narrow_rb10_hedge2d,10147180.0,0.00015770414308491354,10147290.0,-1.084033273912599e-05
2025-06-06,-419.99999999999454,final_narrow_rb10_hedge2d,10146760.0,-4.1390810057606586e-05,10147290.0,-5.223069410653647e-05
2025-06-09,4439.999999999998,final_narrow_rb10_hedge2d,10151200.0,0.0004375781037493365,10151200.0,0.0
2025-06-10,500.0,final_narrow_rb10_hedge2d,10151700.0,4.9255260461844586e-05,10151700.0,0.0
2025-06-11,1320.0,final_narrow_rb10_hedge2d,10153020.0,0.00013002748308155176,10153020.0,0.0
2025-06-12,-1820.0,final_narrow_rb10_hedge2d,10151200.0,-0.0001792570092445933,10153020.0,-0.0001792570092445933
2025-06-13,-4960.000000000001,final_narrow_rb10_hedge2d,10146240.0,-0.0004886121837812674,10153020.0,-0.0006677816058670016
2025-06-16,1399.9999999999986,final_narrow_rb10_hedge2d,10147640.0,0.0001379821490523625,10153020.0,-0.0005298915987558273
2025-06-17,4899.999999999998,final_narrow_rb10_hedge2d,10152540.0,0.0004828708941191362,10153020.0,-4.727657386671691e-05
2025-06-18,-699.9999999999955,final_narrow_rb10_hedge2d,10151840.0,-6.894826319325809e-05,10153020.0,-0.0001162215774223041
2025-06-19,1359.999999999999,final_narrow_rb10_hedge2d,10153200.0,0.00013396586234604158,10153200.0,0.0
2025-06-20,1920.0000000000018,final_narrow_rb10_hedge2d,10155120.0,0.0001891029429146318,10155120.0,0.0
2025-06-23,1799.9999999999964,final_narrow_rb10_hedge2d,10156920.0,0.00017725049039296614,10156920.0,0.0
2025-06-24,2060.000000000002,final_narrow_rb10_hedge2d,10158980.0,0.00020281738952365735,10158980.0,0.0
2025-06-25,1779.9999999999982,final_narrow_rb10_hedge2d,10160760.0,0.0001752144408198042,10160760.0,0.0
2025-06-26,840.0,final_narrow_rb10_hedge2d,10161600.0,8.267098130465556e-05,10161600.0,0.0
2025-06-27,320.0,final_narrow_rb10_hedge2d,10161920.0,3.149110376310382e-05,10161920.0,0.0
2025-06-30,3580.0,final_narrow_rb10_hedge2d,10165500.0,0.00035229562917238333,10165500.0,0.0
2025-07-01,-340.0,final_narrow_rb10_hedge2d,10165160.0,-3.344646106928639e-05,10165500.0,-3.344646106928639e-05
2025-07-02,860.0000000000036,final_narrow_rb10_hedge2d,10166020.0,8.460270177734763e-05,10166020.0,0.0
2025-07-03,-280.0,final_narrow_rb10_hedge2d,10165740.0,-2.7542735505092786e-05,10166020.0,-2.7542735505092786e-05
2025-07-04,2020.0,final_narrow_rb10_hedge2d,10167760.0,0.00019870663621146534,10167760.0,0.0
2025-07-07,1940.0,final_narrow_rb10_hedge2d,10169700.0,0.00019079915340247666,10169700.0,0.0
2025-07-08,540.0,final_narrow_rb10_hedge2d,10170240.0,5.309891147220469e-05,10170240.0,0.0
2025-07-09,279.99999999999636,final_narrow_rb10_hedge2d,10170520.0,2.7531307029038388e-05,10170520.0,0.0
2025-07-10,1200.0000000000036,final_narrow_rb10_hedge2d,10171720.0,0.00011798806747354007,10171720.0,0.0
2025-07-11,40.0,final_narrow_rb10_hedge2d,10171760.0,3.932471597689613e-06,10171760.0,0.0
2025-07-14,-1700.0000000000036,final_narrow_rb10_hedge2d,10170060.0,-0.00016712938567164937,10171760.0,-0.00016712938567164937
2025-07-15,1580.0,final_narrow_rb10_hedge2d,10171640.0,0.00015535798215537966,10171760.0,-1.1797368400401353e-05
2025-07-16,3500.0,final_narrow_rb10_hedge2d,10175140.0,0.00034409397108037254,10175140.0,0.0
2025-07-17,1040.0,final_narrow_rb10_hedge2d,10176180.0,0.00010220989588338725,10176180.0,0.0
2025-07-18,-60.0,final_narrow_rb10_hedge2d,10176120.0,-5.896122120430114e-06,10176180.0,-5.896122120430114e-06
2025-07-21,-1165.0,final_narrow_rb10_hedge2d,10174955.0,-0.00011448371284927816,10176180.0,-0.00012037915995988246
2025-07-22,2280.0,final_narrow_rb10_hedge2d,10177235.0,0.00022407961509407492,10177235.0,0.0
2025-07-23,1300.0,final_narrow_rb10_hedge2d,10178535.0,0.00012773606976757002,10178535.0,0.0
2025-07-24,-820.0,final_narrow_rb10_hedge2d,10177715.0,-8.056169183479067e-05,10178535.0,-8.056169183479067e-05
2025-07-25,845.0000000000437,final_narrow_rb10_hedge2d,10178560.0,8.302452957265061e-05,10178560.0,0.0
2025-07-28,0.0,final_narrow_rb10_hedge2d,10178560.0,0.0,10178560.0,0.0
2025-07-29,0.0,final_narrow_rb10_hedge2d,10178560.0,0.0,10178560.0,0.0
2025-07-30,0.0,final_narrow_rb10_hedge2d,10178560.0,0.0,10178560.0,0.0
2025-07-31,0.0,final_narrow_rb10_hedge2d,10178560.0,0.0,10178560.0,0.0
2025-08-01,0.0,final_narrow_rb10_hedge2d,10178560.0,0.0,10178560.0,0.0
2025-08-04,0.0,final_narrow_rb10_hedge2d,10178560.0,0.0,10178560.0,0.0
2025-08-05,0.0,final_narrow_rb10_hedge2d,10178560.0,0.0,10178560.0,0.0
2025-08-06,0.0,final_narrow_rb10_hedge2d,10178560.0,0.0,10178560.0,0.0
2025-08-07,0.0,final_narrow_rb10_hedge2d,10178560.0,0.0,10178560.0,0.0
2025-08-08,0.0,final_narrow_rb10_hedge2d,10178560.0,0.0,10178560.0,0.0
2025-08-11,0.0,final_narrow_rb10_hedge2d,10178560.0,0.0,10178560.0,0.0
2025-08-12,0.0,final_narrow_rb10_hedge2d,10178560.0,0.0,10178560.0,0.0
2025-08-13,0.0,final_narrow_rb10_hedge2d,10178560.0,0.0,10178560.0,0.0
2025-08-14,0.0,final_narrow_rb10_hedge2d,10178560.0,0.0,10178560.0,0.0
2025-08-15,0.0,final_narrow_rb10_hedge2d,10178560.0,0.0,10178560.0,0.0
2025-08-18,0.0,final_narrow_rb10_hedge2d,10178560.0,0.0,10178560.0,0.0
2025-08-19,0.0,final_narrow_rb10_hedge2d,10178560.0,0.0,10178560.0,0.0
2025-08-20,0.0,final_narrow_rb10_hedge2d,10178560.0,0.0,10178560.0,0.0
2025-08-21,0.0,final_narrow_rb10_hedge2d,10178560.0,0.0,10178560.0,0.0
2025-08-22,0.0,final_narrow_rb10_hedge2d,10178560.0,0.0,10178560.0,0.0
2025-08-25,0.0,final_narrow_rb10_hedge2d,10178560.0,0.0,10178560.0,0.0
2025-08-26,0.0,final_narrow_rb10_hedge2d,10178560.0,0.0,10178560.0,0.0
2025-08-27,0.0,final_narrow_rb10_hedge2d,10178560.0,0.0,10178560.0,0.0
2025-08-28,0.0,final_narrow_rb10_hedge2d,10178560.0,0.0,10178560.0,0.0
2025-08-29,0.0,final_narrow_rb10_hedge2d,10178560.0,0.0,10178560.0,0.0
2025-09-01,0.0,final_narrow_rb10_hedge2d,10178560.0,0.0,10178560.0,0.0
2025-09-02,0.0,final_narrow_rb10_hedge2d,10178560.0,0.0,10178560.0,0.0
2025-09-03,0.0,final_narrow_rb10_hedge2d,10178560.0,0.0,10178560.0,0.0
2025-09-04,0.0,final_narrow_rb10_hedge2d,10178560.0,0.0,10178560.0,0.0
2025-09-05,0.0,final_narrow_rb10_hedge2d,10178560.0,0.0,10178560.0,0.0
2025-09-08,0.0,final_narrow_rb10_hedge2d,10178560.0,0.0,10178560.0,0.0
2025-09-09,0.0,final_narrow_rb10_hedge2d,10178560.0,0.0,10178560.0,0.0
2025-09-10,0.0,final_narrow_rb10_hedge2d,10178560.0,0.0,10178560.0,0.0
2025-09-11,0.0,final_narrow_rb10_hedge2d,10178560.0,0.0,10178560.0,0.0
2025-09-12,0.0,final_narrow_rb10_hedge2d,10178560.0,0.0,10178560.0,0.0
2025-09-15,0.0,final_narrow_rb10_hedge2d,10178560.0,0.0,10178560.0,0.0
2025-09-16,0.0,final_narrow_rb10_hedge2d,10178560.0,0.0,10178560.0,0.0
2025-09-17,0.0,final_narrow_rb10_hedge2d,10178560.0,0.0,10178560.0,0.0
2025-09-18,10005.0,final_narrow_rb10_hedge2d,10188565.0,0.0009829484720824677,10188565.0,0.0
2025-09-19,18875.0,final_narrow_rb10_hedge2d,10207440.0,0.0018525670690623386,10207440.0,0.0
2025-09-22,-9799.999999999993,final_narrow_rb10_hedge2d,10197640.0,-0.0009600840171483105,10207440.0,-0.0009600840171483105
2025-09-23,-31660.177592275697,final_narrow_rb10_hedge2d,10165979.822407724,-0.003104657312110959,10207440.0,-0.004061760597395159
2025-09-24,-15709.822407724165,final_narrow_rb10_hedge2d,10150270.0,-0.001545332833840285,10207440.0,-0.005600816659221075
2025-09-25,0.0,final_narrow_rb10_hedge2d,10150270.0,0.0,10207440.0,-0.005600816659221075
2025-09-26,0.0,final_narrow_rb10_hedge2d,10150270.0,0.0,10207440.0,-0.005600816659221075
2025-09-29,0.0,final_narrow_rb10_hedge2d,10150270.0,0.0,10207440.0,-0.005600816659221075
2025-09-30,0.0,final_narrow_rb10_hedge2d,10150270.0,0.0,10207440.0,-0.005600816659221075
2025-10-09,0.0,final_narrow_rb10_hedge2d,10150270.0,0.0,10207440.0,-0.005600816659221075
2025-10-10,0.0,final_narrow_rb10_hedge2d,10150270.0,0.0,10207440.0,-0.005600816659221075
2025-10-13,0.0,final_narrow_rb10_hedge2d,10150270.0,0.0,10207440.0,-0.005600816659221075
2025-10-14,0.0,final_narrow_rb10_hedge2d,10150270.0,0.0,10207440.0,-0.005600816659221075
2025-10-15,0.0,final_narrow_rb10_hedge2d,10150270.0,0.0,10207440.0,-0.005600816659221075
2025-10-16,0.0,final_narrow_rb10_hedge2d,10150270.0,0.0,10207440.0,-0.005600816659221075
2025-10-17,0.0,final_narrow_rb10_hedge2d,10150270.0,0.0,10207440.0,-0.005600816659221075
2025-10-20,0.0,final_narrow_rb10_hedge2d,10150270.0,0.0,10207440.0,-0.005600816659221075
2025-10-21,0.0,final_narrow_rb10_hedge2d,10150270.0,0.0,10207440.0,-0.005600816659221075
2025-10-22,0.0,final_narrow_rb10_hedge2d,10150270.0,0.0,10207440.0,-0.005600816659221075
2025-10-23,0.0,final_narrow_rb10_hedge2d,10150270.0,0.0,10207440.0,-0.005600816659221075
2025-10-24,0.0,final_narrow_rb10_hedge2d,10150270.0,0.0,10207440.0,-0.005600816659221075
2025-10-27,0.0,final_narrow_rb10_hedge2d,10150270.0,0.0,10207440.0,-0.005600816659221075
2025-10-28,-35635.000000000015,final_narrow_rb10_hedge2d,10114635.0,-0.0035107440491730646,10207440.0,-0.009091897674637361
2025-10-29,11099.999999999985,final_narrow_rb10_hedge2d,10125735.0,0.0010974197289372878,10207440.0,-0.008004455573581648
2025-10-30,-3979.9999999999927,final_narrow_rb10_hedge2d,10121755.0,-0.00039305788666210706,10207440.0,-0.008394367245852075
2025-10-31,25599.999999999993,final_narrow_rb10_hedge2d,10147355.0,0.002529205656528921,10207440.0,-0.005886392670444329
2025-11-03,19980.000000000022,final_narrow_rb10_hedge2d,10167335.0,0.001968986006698259,10207440.0,-0.00392899688854409
2025-11-04,13874.999999999993,final_narrow_rb10_hedge2d,10181210.0,0.0013646643884557275,10207440.0,-0.00256969426222442
2025-11-05,14020.0,final_narrow_rb10_hedge2d,10195230.0,0.0013770465396549803,10207440.0,-0.0011961863111612514
2025-11-06,14920.000000000022,final_narrow_rb10_hedge2d,10210150.0,0.0014634294665250014,10210150.0,0.0
2025-11-07,7139.999999999993,final_narrow_rb10_hedge2d,10217290.0,0.000699304123837452,10217290.0,0.0
2025-11-10,-15170.000000000015,final_narrow_rb10_hedge2d,10202120.0,-0.0014847381252758307,10217290.0,-0.0014847381252758307
2025-11-11,-15800.0,final_narrow_rb10_hedge2d,10186320.0,-0.0015486977216500053,10217290.0,-0.0030311364363739823
2025-11-12,11835.000000000015,final_narrow_rb10_hedge2d,10198155.0,0.0011618523667036307,10217290.0,-0.0018728058027128736
2025-11-13,-23240.000000000015,final_narrow_rb10_hedge2d,10174915.0,-0.0022788435751368574,10217290.0,-0.004147381546378726
2025-11-14,20015.0,final_narrow_rb10_hedge2d,10194930.0,0.0019670925997907762,10217290.0,-0.0021884472301363367
2025-11-17,-18179.999999999985,final_narrow_rb10_hedge2d,10176750.0,-0.0017832393160129856,10217290.0,-0.003967784021007503
2025-11-18,-27745.0,final_narrow_rb10_hedge2d,10149005.0,-0.0027263124278379403,10217290.0,-0.0066832790299580225
2025-11-19,45240.0,final_narrow_rb10_hedge2d,10194245.0,0.004457579831717462,10217290.0,-0.002255490448054176
2025-11-20,12530.0,final_narrow_rb10_hedge2d,10206775.0,0.0012291248640776686,10217290.0,-0.0010291378633668913
2025-11-21,19620.0,final_narrow_rb10_hedge2d,10226395.0,0.0019222526214206503,10226395.0,0.0
2025-11-24,32865.000000000175,final_narrow_rb10_hedge2d,10259260.000000002,0.003213742477187864,10259260.000000002,0.0
2025-11-25,0.0,final_narrow_rb10_hedge2d,10259260.000000002,0.0,10259260.000000002,0.0
2025-11-26,0.0,final_narrow_rb10_hedge2d,10259260.000000002,0.0,10259260.000000002,0.0
2025-11-27,0.0,final_narrow_rb10_hedge2d,10259260.000000002,0.0,10259260.000000002,0.0
2025-11-28,0.0,final_narrow_rb10_hedge2d,10259260.000000002,0.0,10259260.000000002,0.0
2025-12-01,0.0,final_narrow_rb10_hedge2d,10259260.000000002,0.0,10259260.000000002,0.0
2025-12-02,0.0,final_narrow_rb10_hedge2d,10259260.000000002,0.0,10259260.000000002,0.0
2025-12-03,0.0,final_narrow_rb10_hedge2d,10259260.000000002,0.0,10259260.000000002,0.0
2025-12-04,0.0,final_narrow_rb10_hedge2d,10259260.000000002,0.0,10259260.000000002,0.0
2025-12-05,0.0,final_narrow_rb10_hedge2d,10259260.000000002,0.0,10259260.000000002,0.0
2025-12-08,0.0,final_narrow_rb10_hedge2d,10259260.000000002,0.0,10259260.000000002,0.0
2025-12-09,0.0,final_narrow_rb10_hedge2d,10259260.000000002,0.0,10259260.000000002,0.0
2025-12-10,0.0,final_narrow_rb10_hedge2d,10259260.000000002,0.0,10259260.000000002,0.0
2025-12-11,0.0,final_narrow_rb10_hedge2d,10259260.000000002,0.0,10259260.000000002,0.0
2025-12-12,0.0,final_narrow_rb10_hedge2d,10259260.000000002,0.0,10259260.000000002,0.0
2025-12-15,0.0,final_narrow_rb10_hedge2d,10259260.000000002,0.0,10259260.000000002,0.0
2025-12-16,0.0,final_narrow_rb10_hedge2d,10259260.000000002,0.0,10259260.000000002,0.0
2025-12-17,0.0,final_narrow_rb10_hedge2d,10259260.000000002,0.0,10259260.000000002,0.0
2025-12-18,0.0,final_narrow_rb10_hedge2d,10259260.000000002,0.0,10259260.000000002,0.0
2025-12-19,0.0,final_narrow_rb10_hedge2d,10259260.000000002,0.0,10259260.000000002,0.0
2025-12-22,0.0,final_narrow_rb10_hedge2d,10259260.000000002,0.0,10259260.000000002,0.0
2025-12-23,0.0,final_narrow_rb10_hedge2d,10259260.000000002,0.0,10259260.000000002,0.0
2025-12-24,0.0,final_narrow_rb10_hedge2d,10259260.000000002,0.0,10259260.000000002,0.0
2025-12-25,0.0,final_narrow_rb10_hedge2d,10259260.000000002,0.0,10259260.000000002,0.0
2025-12-26,-15660.0,final_narrow_rb10_hedge2d,10243600.000000002,-0.0015264258825685717,10259260.000000002,-0.0015264258825685717
2025-12-29,1080.0000000000127,final_narrow_rb10_hedge2d,10244680.000000002,0.00010543168417354032,10259260.000000002,-0.0014211551320465476
2025-12-30,4039.999999999991,final_narrow_rb10_hedge2d,10248720.000000002,0.00039435101926077465,10259260.000000002,-0.0010273645467606674
2025-12-31,-3685.0000000000055,final_narrow_rb10_hedge2d,10245035.000000002,-0.0003595570959105121,10259260.000000002,-0.001386552246458339
2026-01-05,11240.000000000007,final_narrow_rb10_hedge2d,10256275.000000002,0.001097116798527198,10259260.000000002,-0.00029095665769263146
2026-01-06,-14804.999999999998,final_narrow_rb10_hedge2d,10241470.000000002,-0.0014435065362424782,10259260.000000002,-0.0017340431960979341
2026-01-07,4360.0,final_narrow_rb10_hedge2d,10245830.000000002,0.0004257201358788265,10259260.000000002,-0.0013090612773241084
2026-01-08,3519.9999999999964,final_narrow_rb10_hedge2d,10249350.000000002,0.0003435544021324066,10259260.000000002,-0.0009659566089561533
2026-01-09,3640.0,final_narrow_rb10_hedge2d,10252990.000000002,0.00035514447257622983,10259260.000000002,-0.0006111551905303436
2026-01-12,-7365.000000000007,final_narrow_rb10_hedge2d,10245625.000000002,-0.0007183270441110112,10259260.000000002,-0.0013290432253398876
2026-01-13,7260.000000000124,final_narrow_rb10_hedge2d,10252885.000000002,0.0007085951320686679,10259260.000000002,-0.0006213898468310219
2026-01-14,1579.9999999998872,final_narrow_rb10_hedge2d,10254465.000000002,0.00015410296711615423,10259260.000000002,-0.00046738263773415945
2026-01-15,5439.999999999996,final_narrow_rb10_hedge2d,10259905.000000002,0.0005305006160731818,10259905.000000002,0.0
2026-01-16,6139.999999999884,final_narrow_rb10_hedge2d,10266045.0,0.0005984460869763453,10266045.0,0.0
2026-01-19,-2059.999999999891,final_narrow_rb10_hedge2d,10263985.000000002,-0.0002006615010939905,10266045.0,-0.0002006615010939905
2026-01-20,-8224.999999999989,final_narrow_rb10_hedge2d,10255760.000000002,-0.0008013456761677418,10266045.0,-0.0010018463780353537
2026-01-21,-400.0000000000073,final_narrow_rb10_hedge2d,10255360.000000002,-3.9002472756788364e-05,10266045.0,-0.0010408097763060509
2026-01-22,2480.0000000000146,final_narrow_rb10_hedge2d,10257840.000000002,0.00024182476285572463,10266045.0,-0.0007992367070277506
2026-01-23,879.9999999999854,final_narrow_rb10_hedge2d,10258720.000000002,8.57880411471168e-05,10266045.0,-0.000713517230832128
2026-01-26,649.9999999998836,final_narrow_rb10_hedge2d,10259370.0,6.336073116308683e-05,10266045.0,-0.0006502017086423839
2026-01-27,0.0,final_narrow_rb10_hedge2d,10259370.0,0.0,10266045.0,-0.0006502017086423839
2026-01-28,0.0,final_narrow_rb10_hedge2d,10259370.0,0.0,10266045.0,-0.0006502017086423839
2026-01-29,0.0,final_narrow_rb10_hedge2d,10259370.0,0.0,10266045.0,-0.0006502017086423839
2026-01-30,0.0,final_narrow_rb10_hedge2d,10259370.0,0.0,10266045.0,-0.0006502017086423839
2026-02-02,0.0,final_narrow_rb10_hedge2d,10259370.0,0.0,10266045.0,-0.0006502017086423839
2026-02-03,0.0,final_narrow_rb10_hedge2d,10259370.0,0.0,10266045.0,-0.0006502017086423839
2026-02-04,0.0,final_narrow_rb10_hedge2d,10259370.0,0.0,10266045.0,-0.0006502017086423839
2026-02-05,0.0,final_narrow_rb10_hedge2d,10259370.0,0.0,10266045.0,-0.0006502017086423839
2026-02-06,0.0,final_narrow_rb10_hedge2d,10259370.0,0.0,10266045.0,-0.0006502017086423839
2026-02-09,-3429.9999999999945,final_narrow_rb10_hedge2d,10255940.0,-0.0003343285211470093,10266045.0,-0.0009843128488137287
2026-02-10,7834.999999999998,final_narrow_rb10_hedge2d,10263775.0,0.0007639475269940466,10266045.0,-0.0002211172851862564
2026-02-11,4940.000000000004,final_narrow_rb10_hedge2d,10268715.0,0.00048130439336402375,10268715.0,0.0
2026-02-12,479.99999999999454,final_narrow_rb10_hedge2d,10269195.0,4.6743920733893773e-05,10269195.0,0.0
2026-02-13,3354.9999999999764,final_narrow_rb10_hedge2d,10272550.0,0.00032670525781242077,10272550.0,0.0
2026-02-24,0.0,final_narrow_rb10_hedge2d,10272550.0,0.0,10272550.0,0.0
2026-02-25,0.0,final_narrow_rb10_hedge2d,10272550.0,0.0,10272550.0,0.0
2026-02-26,8600.000000000044,final_narrow_rb10_hedge2d,10281150.0,0.0008371825885491457,10281150.0,0.0
2026-02-27,24560.0,final_narrow_rb10_hedge2d,10305710.0,0.002388837824562451,10305710.0,0.0
2026-03-02,-62639.999999999985,final_narrow_rb10_hedge2d,10243070.0,-0.006078183841773166,10305710.0,-0.006078183841773166
2026-03-03,44794.99999999996,final_narrow_rb10_hedge2d,10287865.0,0.004373200612706851,10305710.0,-0.0017315643463672314
2026-03-04,-48219.99999999998,final_narrow_rb10_hedge2d,10239645.0,-0.004687075501087934,10305710.0,-0.006410523874628704
2026-03-05,35915.000000000015,final_narrow_rb10_hedge2d,10275560.0,0.0035074458147719145,10305710.0,-0.00292556262499144
2026-03-06,24959.999999999975,final_narrow_rb10_hedge2d,10300520.0,0.002429064693311167,10305710.0,-0.0005036043125606904
2026-03-09,-24479.999999999956,final_narrow_rb10_hedge2d,10276040.000000002,-0.0023765790464945757,10305710.0,-0.002878986503598302
2026-03-10,53759.999999999985,final_narrow_rb10_hedge2d,10329800.000000002,0.005231587265133175,10329800.000000002,0.0
2026-03-11,18560.0,final_narrow_rb10_hedge2d,10348360.000000002,0.0017967434025827345,10348360.000000002,0.0
2026-03-12,23440.0,final_narrow_rb10_hedge2d,10371800.000000002,0.002265093212837632,10371800.000000002,0.0
2026-03-13,-2125.0000000000146,final_narrow_rb10_hedge2d,10369675.000000002,-0.00020488246977379276,10371800.000000002,-0.00020488246977379276
2026-03-16,-620.0000000000146,final_narrow_rb10_hedge2d,10369055.000000002,-5.9789723400149875e-05,10371800.000000002,-0.00026465994330782117
2026-03-17,25470.00000000003,final_narrow_rb10_hedge2d,10394525.000000002,0.002456347275619608,10394525.000000002,0.0
2026-03-18,5300.0,final_narrow_rb10_hedge2d,10399825.000000002,0.0005098838090245028,10399825.000000002,0.0
2026-03-19,-33925.0,final_narrow_rb10_hedge2d,10365900.000000002,-0.003262074121439529,10399825.000000002,-0.003262074121439529
2026-03-20,2080.0000000004657,final_narrow_rb10_hedge2d,10367980.000000002,0.00020065792647039338,10399825.000000002,-0.003062070755998292
2026-03-23,3174.207755589334,final_narrow_rb10_hedge2d,10371154.207755592,0.00030615488799079493,10399825.000000002,-0.002756853335936893
2026-03-24,-4614.207755589858,final_narrow_rb10_hedge2d,10366540.000000002,-0.00044490783409034673,10399825.000000002,-0.0032005346243807464
2026-03-25,-8239.999999999916,final_narrow_rb10_hedge2d,10358300.000000002,-0.0007948650176432537,10399825.000000002,-0.003992855649013305
2026-03-26,20880.00000000005,final_narrow_rb10_hedge2d,10379180.000000002,0.002015774789299485,10399825.000000002,-0.0019851295574685457
2026-03-27,1079.9999999999836,final_narrow_rb10_hedge2d,10380260.000000002,0.00010405446287653497,10399825.000000002,-0.0018812816561817325
2026-03-30,-14744.999999999985,final_narrow_rb10_hedge2d,10365515.000000002,-0.0014204846506734592,10399825.000000002,-0.0032990939751390558
2026-03-31,4979.999999999971,final_narrow_rb10_hedge2d,10370495.000000002,0.00048043922564389163,10399825.000000002,-0.0028202397636498677
2026-04-01,7320.00000000002,final_narrow_rb10_hedge2d,10377815.000000002,0.0007058486600688418,10399825.000000002,-0.0021163817660393436
2026-04-02,-3579.9999999999927,final_narrow_rb10_hedge2d,10374235.000000002,-0.0003449666427856046,10399825.000000002,-0.0024606183277122717
2026-04-03,4159.999999999864,final_narrow_rb10_hedge2d,10378395.0,0.0004009934226474332,10399825.000000002,-0.002060611596829909
2026-04-07,13180.00000000013,final_narrow_rb10_hedge2d,10391575.000000002,0.0012699458827691856,10399825.000000002,-0.0007932825792741349
2026-04-08,19279.999999999978,final_narrow_rb10_hedge2d,10410855.000000002,0.001855349165068798,10410855.000000002,0.0
2026-04-09,-3560.000000000102,final_narrow_rb10_hedge2d,10407295.0,-0.00034195078118004485,10410855.000000002,-0.00034195078118004485
2026-04-10,1460.0000000001091,final_narrow_rb10_hedge2d,10408755.000000002,0.00014028621270001373,10410855.000000002,-0.00020171253945999723
2026-04-13,26560.000000000124,final_narrow_rb10_hedge2d,10435315.000000002,0.00255169806571498,10435315.000000002,0.0
2026-04-14,10499.999999999884,final_narrow_rb10_hedge2d,10445815.000000002,0.001006198662905744,10445815.000000002,0.0
2026-04-15,-25420.0,final_narrow_rb10_hedge2d,10420395.000000002,-0.0024335104537079877,10445815.000000002,-0.0024335104537079877
2026-04-16,20000.0,final_narrow_rb10_hedge2d,10440395.000000002,0.0019193130394770108,10445815.000000002,-0.0005188680825766179
2026-04-17,1159.9999999999854,final_narrow_rb10_hedge2d,10441555.000000002,0.00011110690735360862,10445815.000000002,-0.00040781882505103173
2026-04-20,2355.0000000000073,final_narrow_rb10_hedge2d,10443910.000000002,0.00022554111911499142,10445815.000000002,-0.00018236968585028102
2026-04-21,10214.999999999993,final_narrow_rb10_hedge2d,10454125.000000002,0.0009780819635558657,10454125.000000002,0.0
2026-04-22,25700.0,final_narrow_rb10_hedge2d,10479825.000000002,0.002458359738380711,10479825.000000002,0.0
2026-04-23,-4325.000000000095,final_narrow_rb10_hedge2d,10475500.0,-0.00041269773111685115,10479825.000000002,-0.00041269773111685115
2026-04-24,-31804.99999999981,final_narrow_rb10_hedge2d,10443695.000000002,-0.003036131926876795,10479825.000000002,-0.0034475766532361396
2026-04-27,24860.000000000233,final_narrow_rb10_hedge2d,10468555.000000002,0.002380383571140232,10479825.000000002,-0.0010753996369213814
2026-04-28,8419.999999999913,final_narrow_rb10_hedge2d,10476975.000000002,0.0008043134893020998,10479825.000000002,-0.0002719511060538249
2026-04-29,1839.9999999999854,final_narrow_rb10_hedge2d,10478815.000000002,0.00017562321185260465,10479825.000000002,-9.637565512787827e-05
2026-04-30,2100.0,final_narrow_rb10_hedge2d,10480915.000000002,0.00020040433961288073,10480915.000000002,0.0
2026-05-06,13880.000000000015,final_narrow_rb10_hedge2d,10494795.000000002,0.0013243118563599499,10494795.000000002,0.0
2026-05-07,5154.999999999985,final_narrow_rb10_hedge2d,10499950.000000002,0.0004911958737641164,10499950.000000002,0.0
2026-05-08,-13519.999999999985,final_narrow_rb10_hedge2d,10486430.000000002,-0.001287625179167473,10499950.000000002,-0.001287625179167473
2026-05-11,2114.9999999999854,final_narrow_rb10_hedge2d,10488545.000000002,0.0002016892307485918,10499950.000000002,-0.0010861956485507251
2026-05-12,-15860.000000000116,final_narrow_rb10_hedge2d,10472685.000000002,-0.0015121258477701627,10499950.000000002,-0.002596679031804938
2026-05-13,17875.000000000116,final_narrow_rb10_hedge2d,10490560.000000002,0.001706821125623481,10499950.000000002,-0.0008942899728093812
2026-05-14,679.9999999997672,final_narrow_rb10_hedge2d,10491240.000000002,6.48201811914717e-05,10499950.000000002,-0.0008295277596559458
2026-05-15,-17244.999999999767,final_narrow_rb10_hedge2d,10473995.000000002,-0.0016437523114521957,10499950.000000002,-0.0024719165329358805
2026-05-18,8880.0,final_narrow_rb10_hedge2d,10482875.000000002,0.0008478140384828858,10499950.000000002,-0.0016261982199915481
2026-05-19,3140.0,final_narrow_rb10_hedge2d,10486015.000000002,0.0002995361482418524,10499950.000000002,-0.0013271491769007993
2026-05-20,2600.0,final_narrow_rb10_hedge2d,10488615.000000002,0.0002479492924623017,10499950.000000002,-0.0010795289501378535
2026-05-21,7280.0,final_narrow_rb10_hedge2d,10495895.000000002,0.0006940859207817951,10499950.000000002,-0.00038619231520153896
2026-05-22,7220.0,final_narrow_rb10_hedge2d,10503115.000000002,0.0006878879790623849,10503115.000000002,0.0
2026-05-25,695.0,final_narrow_rb10_hedge2d,10503810.000000002,6.617084550630814e-05,10503810.000000002,0.0
2026-05-26,0.0,final_narrow_rb10_hedge2d,10503810.000000002,0.0,10503810.000000002,0.0
2026-05-27,0.0,final_narrow_rb10_hedge2d,10503810.000000002,0.0,10503810.000000002,0.0
2026-05-28,0.0,final_narrow_rb10_hedge2d,10503810.000000002,0.0,10503810.000000002,0.0
2026-05-29,0.0,final_narrow_rb10_hedge2d,10503810.000000002,0.0,10503810.000000002,0.0
2026-06-01,0.0,final_narrow_rb10_hedge2d,10503810.000000002,0.0,10503810.000000002,0.0
2026-06-02,0.0,final_narrow_rb10_hedge2d,10503810.000000002,0.0,10503810.000000002,0.0
2026-06-03,0.0,final_narrow_rb10_hedge2d,10503810.000000002,0.0,10503810.000000002,0.0
2026-06-04,0.0,final_narrow_rb10_hedge2d,10503810.000000002,0.0,10503810.000000002,0.0
2026-06-05,0.0,final_narrow_rb10_hedge2d,10503810.000000002,0.0,10503810.000000002,0.0
2026-06-08,0.0,final_narrow_rb10_hedge2d,10503810.000000002,0.0,10503810.000000002,0.0
2026-06-09,0.0,final_narrow_rb10_hedge2d,10503810.000000002,0.0,10503810.000000002,0.0
2026-06-10,0.0,final_narrow_rb10_hedge2d,10503810.000000002,0.0,10503810.000000002,0.0
2026-06-11,0.0,final_narrow_rb10_hedge2d,10503810.000000002,0.0,10503810.000000002,0.0
2026-06-12,0.0,final_narrow_rb10_hedge2d,10503810.000000002,0.0,10503810.000000002,0.0
2026-06-15,0.0,final_narrow_rb10_hedge2d,10503810.000000002,0.0,10503810.000000002,0.0
2026-06-16,0.0,final_narrow_rb10_hedge2d,10503810.000000002,0.0,10503810.000000002,0.0
2026-06-17,0.0,final_narrow_rb10_hedge2d,10503810.000000002,0.0,10503810.000000002,0.0
2026-06-18,0.0,final_narrow_rb10_hedge2d,10503810.000000002,0.0,10503810.000000002,0.0
2026-06-22,0.0,final_narrow_rb10_hedge2d,10503810.000000002,0.0,10503810.000000002,0.0
2026-06-23,0.0,final_narrow_rb10_hedge2d,10503810.000000002,0.0,10503810.000000002,0.0
2026-06-24,0.0,final_narrow_rb10_hedge2d,10503810.000000002,0.0,10503810.000000002,0.0
2026-06-25,0.0,final_narrow_rb10_hedge2d,10503810.000000002,0.0,10503810.000000002,0.0
2026-06-26,0.0,final_narrow_rb10_hedge2d,10503810.000000002,0.0,10503810.000000002,0.0
2026-06-29,0.0,final_narrow_rb10_hedge2d,10503810.000000002,0.0,10503810.000000002,0.0
2026-06-30,0.0,final_narrow_rb10_hedge2d,10503810.000000002,0.0,10503810.000000002,0.0
2026-07-01,0.0,final_narrow_rb10_hedge2d,10503810.000000002,0.0,10503810.000000002,0.0
2026-07-02,0.0,final_narrow_rb10_hedge2d,10503810.000000002,0.0,10503810.000000002,0.0
2026-07-03,0.0,final_narrow_rb10_hedge2d,10503810.000000002,0.0,10503810.000000002,0.0
2026-07-06,0.0,final_narrow_rb10_hedge2d,10503810.000000002,0.0,10503810.000000002,0.0
2026-07-07,0.0,final_narrow_rb10_hedge2d,10503810.000000002,0.0,10503810.000000002,0.0
2026-07-08,0.0,final_narrow_rb10_hedge2d,10503810.000000002,0.0,10503810.000000002,0.0
2026-07-09,0.0,final_narrow_rb10_hedge2d,10503810.000000002,0.0,10503810.000000002,0.0
2026-07-10,0.0,final_narrow_rb10_hedge2d,10503810.000000002,0.0,10503810.000000002,0.0
2026-07-13,0.0,final_narrow_rb10_hedge2d,10503810.000000002,0.0,10503810.000000002,0.0
2026-07-14,0.0,final_narrow_rb10_hedge2d,10503810.000000002,0.0,10503810.000000002,0.0
2026-07-15,0.0,final_narrow_rb10_hedge2d,10503810.000000002,0.0,10503810.000000002,0.0
2026-07-16,0.0,final_narrow_rb10_hedge2d,10503810.000000002,0.0,10503810.000000002,0.0
2026-07-17,0.0,final_narrow_rb10_hedge2d,10503810.000000002,0.0,10503810.000000002,0.0
2026-07-20,0.0,final_narrow_rb10_hedge2d,10503810.000000002,0.0,10503810.000000002,0.0
2026-07-21,-29250.0,final_narrow_rb10_hedge2d,10474560.000000002,-0.002784703836036684,10503810.000000002,-0.002784703836036684
2026-07-22,-20085.0,final_narrow_rb10_hedge2d,10454475.000000002,-0.0019175029786454578,10503810.000000002,-0.004696867136781746
2026-07-23,4520.000000000007,final_narrow_rb10_hedge2d,10458995.000000002,0.00043235073975500526,10503810.000000002,-0.004266547091007933
2026-07-24,48895.0,final_narrow_rb10_hedge2d,10507890.000000002,0.004674923355446614,10507890.000000002,0.0
2026-07-27,1869.9999999999345,final_narrow_rb10_hedge2d,10509760.000000002,0.00017796151272997385,10509760.000000002,0.0
